Average monthly BID rates @ +/- 0.0%,,,,,,,,
OANDA Exchange Rates,,,,,,,,
https://fxds-hcc.oanda.com,,,,,,,,
,,,,,,,,
,,,,,,,,
Period Start Date,GBP/GHC,GBP/NGN,GBP/CNY,GBP/KES,GBP/CDF,GBP/GMD,GBP/INR,GBP/PKR
01/12/2019,74516.5,472.52,9.18586,131.482,2170.57,66.8015,93.0643,202.245
01/11/2019,71205.9,464.311,9.04035,130.428,2119.09,65.4799,91.6952,199.688
01/10/2019,68764.7,455.259,8.97495,129.874,2077.54,63.7591,89.4694,196.924
01/09/2019,67557.7,443.215,8.78574,126.82,2031.93,61.8288,87.9195,193.008
01/08/2019,65845.2,438.495,8.57377,123.849,1994.93,60.3981,86.3246,193.077
01/07/2019,67058.3,446.549,8.58173,127.298,2046.74,61.7904,85.5841,198.536
01/06/2019,68202.9,452.578,8.74231,127.273,2078.5,62.4936,87.8812,194.989
01/05/2019,66648.1,461.13,8.80789,128.431,2080.47,63.4705,89.6492,186.95
01/04/2019,67006.8,466.701,8.74371,130.672,2108.49,64.2202,90.4303,183.709
01/03/2019,70910.7,472.38,8.83448,131.151,2127.22,64.9604,91.4774,183.344
01/02/2019,67299.4,468.22,8.75992,129.385,2065.53,64.0266,92.4499,180.251
01/01/2019,63136.7,466.834,8.75197,129.952,2037.09,63.4194,90.8369,178.968
,,,,,,,,
Period Average,68179.4,459.016,8.81522,128.885,2078.18,63.554,89.7318,190.974
Period Low,63136.7,438.495,8.57377,123.849,1994.93,60.3981,85.5841,178.968
Period High,74516.5,472.52,9.18586,131.482,2170.57,66.8015,93.0643,202.245
,,,,,,,,
,,,,,,,,
Period Start Date,GBP/GHC,GBP/NGN,GBP/CNY,GBP/KES,GBP/CDF,GBP/GMD,GBP/INR,GBP/PKR
01/12/2020,78602.7,509.668,8.78672,147.296,2619.66,69.2137,98.7889,214.734
01/11/2020,76841.5,501.459,8.71561,143.081,2570.71,68.0165,97.8162,210.018
01/10/2020,75341,494.627,8.72112,139.822,2532.88,66.8604,95.2404,210.841
01/09/2020,74729.1,494.668,8.82579,139.222,2519.37,66.7851,95.0848,214.504
01/08/2020,75587.6,503.631,9.0994,140.662,2546.85,67.7638,97.7071,219.861
01/07/2020,72814.3,488.85,8.87101,134.529,2416.45,65.2321,94.4712,210.849
01/06/2020,72038.8,483.048,8.85921,131.785,2294.41,64.2535,94.3682,206.39
01/05/2020,70621.8,477.606,8.73437,129.938,2181.53,62.825,92.3053,196.853
01/04/2020,71483.2,474.069,8.77272,130.805,2100.13,62.8995,93.9197,203.717
01/03/2020,68708.4,453.727,8.69334,127.074,2084.98,62.6157,92.0701,195.446
01/02/2020,69604.6,469.787,9.07363,129.418,2163.62,65.8151,92.7474,199.642
01/01/2020,73670,471.317,9.04921,130.712,2176.78,66.5006,93.0133,201.62
,,,,,,,,
Period Average,73336.9,485.205,8.85018,135.362,2350.61,65.7318,94.7944,207.04
Period Low,68708.4,453.727,8.69334,127.074,2084.98,69.2137,92.0701,195.446
Period High,78602.7,509.668,9.0994,147.296,2619.66,62.6157,98.7889,219.861
,,,,,,,,
,,,,,,,,
Period Start Date,GBP/GHC,GBP/NGN,GBP/CNY,GBP/KES,GBP/CDF,GBP/GMD,GBP/INR,GBP/PKR
01/12/2021,81248.6,545.868,8.47186,149.191,2639.92,69.5224,100.162,235.751
01/11/2021,81834.4,551.761,8.59025,149.361,2667.62,69.8139,100.001,232.842
01/10/2021,82616.9,561.542,8.78371,150.463,2715.92,70.5245,102.328,234.636
01/09/2021,82597.7,564.886,8.87396,150.158,2712.41,70.2234,100.932,230.602
01/08/2021,82736.1,567.057,8.93463,149.494,2730.06,70.1712,102.048,226.073
01/07/2021,81762.8,567.161,8.93975,148.114,2737.48,70.268,102.726,220.232
01/06/2021,81205.1,575.526,9.00073,149.884,2764.43,71.2817,102.937,218.624
01/05/2021,81044.2,559.434,9.04308,149.963,2786.58,71.6744,102.941,215.1
01/04/2021,79683.6,525.904,9.02258,148.192,2728.19,70.438,102.936,211.34
01/03/2021,79388.9,526.251,9.01824,150.853,2729.53,70.735,100.853,215.965
01/02/2021,80130.5,524.773,8.96139,150.87,2718.13,70.9493,100.911,220.408
01/01/2021,79580.3,518.518,8.82791,148.657,2661.47,70.1502,99.6231,218.341
,,,,,,,,
Period Average,81152.4,549.057,8.87234,149.6,2715.98,70.4793,101.533,223.326
Period Low,79388.9,518.518,8.47186,148.114,2639.92,69.5224,99.6231,211.34
Period High,82736.1,575.526,9.04308,150.87,2786.58,71.6744,102.941,235.751
,,,,,,,,
,,,,,,,,
Period Start Date,GBP/GHC,GBP/NGN,GBP/CNY,GBP/KES,GBP/CDF,GBP/GMD,GBP/INR,GBP/PKR
01/12/2022,135347,541.823,8.48841,148.622,2442.19,74.0125,100.325,273.275
01/11/2022,166908,518.42,8.42222,142.227,2361.32,69.5374,95.8724,260.784
01/10/2022,132155,490.703,8.113,135.594,2267.09,63.5194,92.8851,249.137
01/09/2022,113854,484.61,7.93599,135.463,2267.6,61.7015,90.6429,260.565
01/08/2022,110705,501.824,8.13861,142.069,2389.16,64.5339,95.1076,263.79
01/07/2022,97722.9,498.406,8.0805,140.789,2396.05,64.343,95.2944,259.531
01/06/2022,96902.9,511.179,8.24594,143.421,2458.97,66.1676,95.9664,251.178
01/05/2022,94141.8,516.093,8.33435,143.6,2485.68,66.5818,95.9799,240.727
01/04/2022,96624.5,537.045,8.31761,148.364,2583.66,69.0942,98.3133,238.251
01/03/2022,94563.2,547.041,8.35172,149.394,2626.43,69.9966,100.142,236.306
01/02/2022,87343.7,562.372,8.57881,152.697,2701.05,71.3466,101.294,236.822
01/01/2022,83531.8,560.46,8.60953,152.684,2692.85,71.1403,100.743,238.718
,,,,,,,,
Period Average,109150,522.498,8.30139,144.577,2472.67,67.6646,96.8805,250.757
Period Low,83531.8,484.61,7.93599,135.463,2267.09,61.7015,90.6429,236.306
Period High,166908,562.372,8.60953,152.697,2701.05,74.0125,101.294,273.275
,,,,,,,,
,,,,,,,,
Period Start Date,GBP/GHC,GBP/NGN,GBP/CNY,GBP/KES,GBP/CDF,GBP/GMD,GBP/INR,GBP/PKR
01/12/2023,151833,1052.78,9.01069,194.36,3397.94,84.4155,105.39,357
01/11/2023,148071,1004.13,8.95347,187.717,3239.07,82.0853,103.394,353.368
01/10/2023,142969,943.082,8.85738,180.768,3059.35,79.2337,101.269,340.131
01/09/2023,142206,955.315,9.03236,180.848,3055.3,76.1109,102.915,368.559
01/08/2023,142821,972.941,9.1818,181.599,3092.53,76.7462,105.205,371.778
01/07/2023,145419,999.849,9.25497,181.049,3143.38,76.4237,105.813,362.393
01/06/2023,141464,755.059,9.0336,175.316,2964.44,74.7197,103.809,361.188
01/05/2023,141064,574.021,8.7148,170.252,2711.43,74.2236,102.689,356.28
01/04/2023,141359,572.372,8.56438,166.075,2548.15,76.4873,101.948,353.138
01/03/2023,149124,557.507,8.36258,156.406,2466.42,74.1712,99.7976,339.025
01/02/2023,149731,554.355,8.25445,150.434,2450.49,73.3019,99.7116,321.496
01/01/2023,138878,554.532,8.30706,150.483,2462.1,74.4944,99.9924,285.756
,,,,,,,,
Period Average,144578,791.329,8.79396,172.942,2882.55,76.8678,102.661,347.509
Period Low,138878,554.355,8.25445,150.434,2450.49,73.3019,99.7116,285.756
Period High,151833,1052.78,9.25497,194.36,3397.94,84.4155,105.813,371.778
