4 way domicile,Domicile,Level of study,Mode of study,Academic Year,Region of HE provider,Number
Non-European Union,Congo,Postgraduate (research),Full-time,2014/15,Scotland,0
Non-European Union,Congo,Postgraduate (research),All,2014/15,Scotland,0
Non-European Union,Congo,Postgraduate (taught),Full-time,2014/15,Scotland,0
Non-European Union,Congo,Postgraduate (taught),All,2014/15,Scotland,0
Non-European Union,Congo,All postgraduate,Full-time,2014/15,Scotland,0
Non-European Union,Congo,All postgraduate,All,2014/15,Scotland,0
Non-European Union,Congo (Democratic Republic) {formerly Zaire},Postgraduate (research),Full-time,2014/15,Scotland,0
Non-European Union,Congo (Democratic Republic) {formerly Zaire},Postgraduate (research),Part-time,2014/15,Scotland,0
Non-European Union,Congo (Democratic Republic) {formerly Zaire},Postgraduate (research),All,2014/15,Scotland,0
Non-European Union,Congo (Democratic Republic) {formerly Zaire},Postgraduate (taught),Full-time,2014/15,Scotland,0
Non-European Union,Congo (Democratic Republic) {formerly Zaire},Postgraduate (taught),Part-time,2014/15,Scotland,0
Non-European Union,Congo (Democratic Republic) {formerly Zaire},Postgraduate (taught),All,2014/15,Scotland,0
Non-European Union,Congo (Democratic Republic) {formerly Zaire},All postgraduate,Full-time,2014/15,Scotland,0
Non-European Union,Congo (Democratic Republic) {formerly Zaire},All postgraduate,Part-time,2014/15,Scotland,0
Non-European Union,Congo (Democratic Republic) {formerly Zaire},All postgraduate,All,2014/15,Scotland,0
Non-European Union,Ghana,Postgraduate (research),Full-time,2014/15,Scotland,35
Non-European Union,Ghana,Postgraduate (research),Part-time,2014/15,Scotland,5
Non-European Union,Ghana,Postgraduate (research),All,2014/15,Scotland,40
Non-European Union,Ghana,Postgraduate (taught),Full-time,2014/15,Scotland,150
Non-European Union,Ghana,Postgraduate (taught),Part-time,2014/15,Scotland,15
Non-European Union,Ghana,Postgraduate (taught),All,2014/15,Scotland,170
Non-European Union,Ghana,All postgraduate,Full-time,2014/15,Scotland,185
Non-European Union,Ghana,All postgraduate,Part-time,2014/15,Scotland,20
Non-European Union,Ghana,All postgraduate,All,2014/15,Scotland,205
Non-European Union,Nigeria,Postgraduate (research),Full-time,2014/15,Scotland,325
Non-European Union,Nigeria,Postgraduate (research),Part-time,2014/15,Scotland,25
Non-European Union,Nigeria,Postgraduate (research),All,2014/15,Scotland,345
Non-European Union,Nigeria,Postgraduate (taught),Full-time,2014/15,Scotland,1015
Non-European Union,Nigeria,Postgraduate (taught),Part-time,2014/15,Scotland,145
Non-European Union,Nigeria,Postgraduate (taught),All,2014/15,Scotland,1160
Non-European Union,Nigeria,All postgraduate,Full-time,2014/15,Scotland,1340
Non-European Union,Nigeria,All postgraduate,Part-time,2014/15,Scotland,170
Non-European Union,Nigeria,All postgraduate,All,2014/15,Scotland,1505
Non-European Union,China,Postgraduate (research),Full-time,2014/15,Scotland,535
Non-European Union,China,Postgraduate (research),Part-time,2014/15,Scotland,20
Non-European Union,China,Postgraduate (research),All,2014/15,Scotland,555
Non-European Union,China,Postgraduate (taught),Full-time,2014/15,Scotland,4450
Non-European Union,China,Postgraduate (taught),Part-time,2014/15,Scotland,70
Non-European Union,China,Postgraduate (taught),All,2014/15,Scotland,4515
Non-European Union,China,All postgraduate,Full-time,2014/15,Scotland,4985
Non-European Union,China,All postgraduate,Part-time,2014/15,Scotland,90
Non-European Union,China,All postgraduate,All,2014/15,Scotland,5075
Non-European Union,Kenya,Postgraduate (research),Full-time,2014/15,Scotland,10
Non-European Union,Kenya,Postgraduate (research),Part-time,2014/15,Scotland,5
Non-European Union,Kenya,Postgraduate (research),All,2014/15,Scotland,15
Non-European Union,Kenya,Postgraduate (taught),Full-time,2014/15,Scotland,75
Non-European Union,Kenya,Postgraduate (taught),Part-time,2014/15,Scotland,10
Non-European Union,Kenya,Postgraduate (taught),All,2014/15,Scotland,85
Non-European Union,Kenya,All postgraduate,Full-time,2014/15,Scotland,85
Non-European Union,Kenya,All postgraduate,Part-time,2014/15,Scotland,15
Non-European Union,Kenya,All postgraduate,All,2014/15,Scotland,100
Non-European Union,"Gambia, The",Postgraduate (research),Full-time,2014/15,Scotland,5
Non-European Union,"Gambia, The",Postgraduate (research),Part-time,2014/15,Scotland,0
Non-European Union,"Gambia, The",Postgraduate (research),All,2014/15,Scotland,5
Non-European Union,"Gambia, The",Postgraduate (taught),Full-time,2014/15,Scotland,5
Non-European Union,"Gambia, The",Postgraduate (taught),Part-time,2014/15,Scotland,0
Non-European Union,"Gambia, The",Postgraduate (taught),All,2014/15,Scotland,5
Non-European Union,"Gambia, The",All postgraduate,Full-time,2014/15,Scotland,10
Non-European Union,"Gambia, The",All postgraduate,Part-time,2014/15,Scotland,5
Non-European Union,"Gambia, The",All postgraduate,All,2014/15,Scotland,10
Non-European Union,India,Postgraduate (research),Full-time,2014/15,Scotland,180
Non-European Union,India,Postgraduate (research),Part-time,2014/15,Scotland,25
Non-European Union,India,Postgraduate (research),All,2014/15,Scotland,205
Non-European Union,India,Postgraduate (taught),Full-time,2014/15,Scotland,715
Non-European Union,India,Postgraduate (taught),Part-time,2014/15,Scotland,85
Non-European Union,India,Postgraduate (taught),All,2014/15,Scotland,800
Non-European Union,India,All postgraduate,Full-time,2014/15,Scotland,895
Non-European Union,India,All postgraduate,Part-time,2014/15,Scotland,110
Non-European Union,India,All postgraduate,All,2014/15,Scotland,1005
Non-European Union,Pakistan,Postgraduate (research),Full-time,2014/15,Scotland,75
Non-European Union,Pakistan,Postgraduate (research),Part-time,2014/15,Scotland,10
Non-European Union,Pakistan,Postgraduate (research),All,2014/15,Scotland,85
Non-European Union,Pakistan,Postgraduate (taught),Full-time,2014/15,Scotland,170
Non-European Union,Pakistan,Postgraduate (taught),Part-time,2014/15,Scotland,60
Non-European Union,Pakistan,Postgraduate (taught),All,2014/15,Scotland,235
Non-European Union,Pakistan,All postgraduate,Full-time,2014/15,Scotland,245
Non-European Union,Pakistan,All postgraduate,Part-time,2014/15,Scotland,70
Non-European Union,Pakistan,All postgraduate,All,2014/15,Scotland,315
Non-European Union,Taiwan,Postgraduate (research),Full-time,2014/15,Scotland,45
Non-European Union,Taiwan,Postgraduate (research),Part-time,2014/15,Scotland,0
Non-European Union,Taiwan,Postgraduate (research),All,2014/15,Scotland,45
Non-European Union,Taiwan,Postgraduate (taught),Full-time,2014/15,Scotland,210
Non-European Union,Taiwan,Postgraduate (taught),Part-time,2014/15,Scotland,10
Non-European Union,Taiwan,Postgraduate (taught),All,2014/15,Scotland,220
Non-European Union,Taiwan,All postgraduate,Full-time,2014/15,Scotland,255
Non-European Union,Taiwan,All postgraduate,Part-time,2014/15,Scotland,10
Non-European Union,Taiwan,All postgraduate,All,2014/15,Scotland,265
Non-European Union,Thailand,Postgraduate (research),Full-time,2014/15,Scotland,90
Non-European Union,Thailand,Postgraduate (research),Part-time,2014/15,Scotland,0
Non-European Union,Thailand,Postgraduate (research),All,2014/15,Scotland,90
Non-European Union,Thailand,Postgraduate (taught),Full-time,2014/15,Scotland,360
Non-European Union,Thailand,Postgraduate (taught),Part-time,2014/15,Scotland,15
Non-European Union,Thailand,Postgraduate (taught),All,2014/15,Scotland,375
Non-European Union,Thailand,All postgraduate,Full-time,2014/15,Scotland,450
Non-European Union,Thailand,All postgraduate,Part-time,2014/15,Scotland,20
Non-European Union,Thailand,All postgraduate,All,2014/15,Scotland,465
Non-European Union,Japan,Postgraduate (research),Full-time,2014/15,Scotland,30
Non-European Union,Japan,Postgraduate (research),Part-time,2014/15,Scotland,5
Non-European Union,Japan,Postgraduate (research),All,2014/15,Scotland,35
Non-European Union,Japan,Postgraduate (taught),Full-time,2014/15,Scotland,80
Non-European Union,Japan,Postgraduate (taught),Part-time,2014/15,Scotland,10
Non-European Union,Japan,Postgraduate (taught),All,2014/15,Scotland,90
Non-European Union,Japan,All postgraduate,Full-time,2014/15,Scotland,110
Non-European Union,Japan,All postgraduate,Part-time,2014/15,Scotland,15
Non-European Union,Japan,All postgraduate,All,2014/15,Scotland,125
Non-European Union,Saudi Arabia,Postgraduate (research),Full-time,2014/15,Scotland,235
Non-European Union,Saudi Arabia,Postgraduate (research),Part-time,2014/15,Scotland,10
Non-European Union,Saudi Arabia,Postgraduate (research),All,2014/15,Scotland,250
Non-European Union,Saudi Arabia,Postgraduate (taught),Full-time,2014/15,Scotland,195
Non-European Union,Saudi Arabia,Postgraduate (taught),Part-time,2014/15,Scotland,35
Non-European Union,Saudi Arabia,Postgraduate (taught),All,2014/15,Scotland,230
Non-European Union,Saudi Arabia,All postgraduate,Full-time,2014/15,Scotland,430
Non-European Union,Saudi Arabia,All postgraduate,Part-time,2014/15,Scotland,45
Non-European Union,Saudi Arabia,All postgraduate,All,2014/15,Scotland,480
Non-European Union,Oman,Postgraduate (research),Full-time,2014/15,Scotland,50
Non-European Union,Oman,Postgraduate (research),Part-time,2014/15,Scotland,10
Non-European Union,Oman,Postgraduate (research),All,2014/15,Scotland,55
Non-European Union,Oman,Postgraduate (taught),Full-time,2014/15,Scotland,80
Non-European Union,Oman,Postgraduate (taught),Part-time,2014/15,Scotland,15
Non-European Union,Oman,Postgraduate (taught),All,2014/15,Scotland,95
Non-European Union,Oman,All postgraduate,Full-time,2014/15,Scotland,130
Non-European Union,Oman,All postgraduate,Part-time,2014/15,Scotland,25
Non-European Union,Oman,All postgraduate,All,2014/15,Scotland,150
Non-European Union,Kuwait,Postgraduate (research),Full-time,2014/15,Scotland,30
Non-European Union,Kuwait,Postgraduate (research),Part-time,2014/15,Scotland,5
Non-European Union,Kuwait,Postgraduate (research),All,2014/15,Scotland,35
Non-European Union,Kuwait,Postgraduate (taught),Full-time,2014/15,Scotland,35
Non-European Union,Kuwait,Postgraduate (taught),Part-time,2014/15,Scotland,5
Non-European Union,Kuwait,Postgraduate (taught),All,2014/15,Scotland,40
Non-European Union,Kuwait,All postgraduate,Full-time,2014/15,Scotland,65
Non-European Union,Kuwait,All postgraduate,Part-time,2014/15,Scotland,10
Non-European Union,Kuwait,All postgraduate,All,2014/15,Scotland,75
Non-European Union,Turkey,Postgraduate (research),Full-time,2014/15,Scotland,50
Non-European Union,Turkey,Postgraduate (research),Part-time,2014/15,Scotland,0
Non-European Union,Turkey,Postgraduate (research),All,2014/15,Scotland,50
Non-European Union,Turkey,Postgraduate (taught),Full-time,2014/15,Scotland,60
Non-European Union,Turkey,Postgraduate (taught),Part-time,2014/15,Scotland,10
Non-European Union,Turkey,Postgraduate (taught),All,2014/15,Scotland,70
Non-European Union,Turkey,All postgraduate,Full-time,2014/15,Scotland,110
Non-European Union,Turkey,All postgraduate,Part-time,2014/15,Scotland,10
Non-European Union,Turkey,All postgraduate,All,2014/15,Scotland,120
Non-European Union,Congo,Postgraduate (taught),Full-time,2015/16,Scotland,0
Non-European Union,Congo,Postgraduate (taught),Part-time,2015/16,Scotland,0
Non-European Union,Congo,Postgraduate (taught),All,2015/16,Scotland,0
Non-European Union,Congo,All postgraduate,Full-time,2015/16,Scotland,0
Non-European Union,Congo,All postgraduate,Part-time,2015/16,Scotland,0
Non-European Union,Congo,All postgraduate,All,2015/16,Scotland,0
Non-European Union,Congo (Democratic Republic) {formerly Zaire},Postgraduate (research),Full-time,2015/16,Scotland,0
Non-European Union,Congo (Democratic Republic) {formerly Zaire},Postgraduate (research),Part-time,2015/16,Scotland,0
Non-European Union,Congo (Democratic Republic) {formerly Zaire},Postgraduate (research),All,2015/16,Scotland,0
Non-European Union,Congo (Democratic Republic) {formerly Zaire},Postgraduate (taught),Full-time,2015/16,Scotland,0
Non-European Union,Congo (Democratic Republic) {formerly Zaire},Postgraduate (taught),Part-time,2015/16,Scotland,0
Non-European Union,Congo (Democratic Republic) {formerly Zaire},Postgraduate (taught),All,2015/16,Scotland,0
Non-European Union,Congo (Democratic Republic) {formerly Zaire},All postgraduate,Full-time,2015/16,Scotland,0
Non-European Union,Congo (Democratic Republic) {formerly Zaire},All postgraduate,Part-time,2015/16,Scotland,0
Non-European Union,Congo (Democratic Republic) {formerly Zaire},All postgraduate,All,2015/16,Scotland,0
Non-European Union,Ghana,Postgraduate (research),Full-time,2015/16,Scotland,35
Non-European Union,Ghana,Postgraduate (research),Part-time,2015/16,Scotland,5
Non-European Union,Ghana,Postgraduate (research),All,2015/16,Scotland,40
Non-European Union,Ghana,Postgraduate (taught),Full-time,2015/16,Scotland,145
Non-European Union,Ghana,Postgraduate (taught),Part-time,2015/16,Scotland,15
Non-European Union,Ghana,Postgraduate (taught),All,2015/16,Scotland,155
Non-European Union,Ghana,All postgraduate,Full-time,2015/16,Scotland,180
Non-European Union,Ghana,All postgraduate,Part-time,2015/16,Scotland,15
Non-European Union,Ghana,All postgraduate,All,2015/16,Scotland,195
Non-European Union,Nigeria,Postgraduate (research),Full-time,2015/16,Scotland,315
Non-European Union,Nigeria,Postgraduate (research),Part-time,2015/16,Scotland,15
Non-European Union,Nigeria,Postgraduate (research),All,2015/16,Scotland,335
Non-European Union,Nigeria,Postgraduate (taught),Full-time,2015/16,Scotland,785
Non-European Union,Nigeria,Postgraduate (taught),Part-time,2015/16,Scotland,120
Non-European Union,Nigeria,Postgraduate (taught),All,2015/16,Scotland,905
Non-European Union,Nigeria,All postgraduate,Full-time,2015/16,Scotland,1100
Non-European Union,Nigeria,All postgraduate,Part-time,2015/16,Scotland,140
Non-European Union,Nigeria,All postgraduate,All,2015/16,Scotland,1240
Non-European Union,China,Postgraduate (research),Full-time,2015/16,Scotland,600
Non-European Union,China,Postgraduate (research),Part-time,2015/16,Scotland,15
Non-European Union,China,Postgraduate (research),All,2015/16,Scotland,610
Non-European Union,China,Postgraduate (taught),Full-time,2015/16,Scotland,4615
Non-European Union,China,Postgraduate (taught),Part-time,2015/16,Scotland,75
Non-European Union,China,Postgraduate (taught),All,2015/16,Scotland,4690
Non-European Union,China,All postgraduate,Full-time,2015/16,Scotland,5215
Non-European Union,China,All postgraduate,Part-time,2015/16,Scotland,85
Non-European Union,China,All postgraduate,All,2015/16,Scotland,5300
Non-European Union,Kenya,Postgraduate (research),Full-time,2015/16,Scotland,15
Non-European Union,Kenya,Postgraduate (research),Part-time,2015/16,Scotland,0
Non-European Union,Kenya,Postgraduate (research),All,2015/16,Scotland,15
Non-European Union,Kenya,Postgraduate (taught),Full-time,2015/16,Scotland,60
Non-European Union,Kenya,Postgraduate (taught),Part-time,2015/16,Scotland,10
Non-European Union,Kenya,Postgraduate (taught),All,2015/16,Scotland,75
Non-European Union,Kenya,All postgraduate,Full-time,2015/16,Scotland,75
Non-European Union,Kenya,All postgraduate,Part-time,2015/16,Scotland,15
Non-European Union,Kenya,All postgraduate,All,2015/16,Scotland,90
Non-European Union,"Gambia, The",Postgraduate (research),Full-time,2015/16,Scotland,5
Non-European Union,"Gambia, The",Postgraduate (research),Part-time,2015/16,Scotland,0
Non-European Union,"Gambia, The",Postgraduate (research),All,2015/16,Scotland,5
Non-European Union,"Gambia, The",Postgraduate (taught),Full-time,2015/16,Scotland,5
Non-European Union,"Gambia, The",Postgraduate (taught),Part-time,2015/16,Scotland,0
Non-European Union,"Gambia, The",Postgraduate (taught),All,2015/16,Scotland,5
Non-European Union,"Gambia, The",All postgraduate,Full-time,2015/16,Scotland,10
Non-European Union,"Gambia, The",All postgraduate,Part-time,2015/16,Scotland,0
Non-European Union,"Gambia, The",All postgraduate,All,2015/16,Scotland,10
Non-European Union,India,Postgraduate (research),Full-time,2015/16,Scotland,190
Non-European Union,India,Postgraduate (research),Part-time,2015/16,Scotland,30
Non-European Union,India,Postgraduate (research),All,2015/16,Scotland,220
Non-European Union,India,Postgraduate (taught),Full-time,2015/16,Scotland,705
Non-European Union,India,Postgraduate (taught),Part-time,2015/16,Scotland,55
Non-European Union,India,Postgraduate (taught),All,2015/16,Scotland,760
Non-European Union,India,All postgraduate,Full-time,2015/16,Scotland,895
Non-European Union,India,All postgraduate,Part-time,2015/16,Scotland,85
Non-European Union,India,All postgraduate,All,2015/16,Scotland,980
Non-European Union,Pakistan,Postgraduate (research),Full-time,2015/16,Scotland,90
Non-European Union,Pakistan,Postgraduate (research),Part-time,2015/16,Scotland,10
Non-European Union,Pakistan,Postgraduate (research),All,2015/16,Scotland,95
Non-European Union,Pakistan,Postgraduate (taught),Full-time,2015/16,Scotland,165
Non-European Union,Pakistan,Postgraduate (taught),Part-time,2015/16,Scotland,40
Non-European Union,Pakistan,Postgraduate (taught),All,2015/16,Scotland,205
Non-European Union,Pakistan,All postgraduate,Full-time,2015/16,Scotland,255
Non-European Union,Pakistan,All postgraduate,Part-time,2015/16,Scotland,50
Non-European Union,Pakistan,All postgraduate,All,2015/16,Scotland,300
Non-European Union,Taiwan,Postgraduate (research),Full-time,2015/16,Scotland,40
Non-European Union,Taiwan,Postgraduate (research),Part-time,2015/16,Scotland,0
Non-European Union,Taiwan,Postgraduate (research),All,2015/16,Scotland,40
Non-European Union,Taiwan,Postgraduate (taught),Full-time,2015/16,Scotland,250
Non-European Union,Taiwan,Postgraduate (taught),Part-time,2015/16,Scotland,5
Non-European Union,Taiwan,Postgraduate (taught),All,2015/16,Scotland,255
Non-European Union,Taiwan,All postgraduate,Full-time,2015/16,Scotland,290
Non-European Union,Taiwan,All postgraduate,Part-time,2015/16,Scotland,5
Non-European Union,Taiwan,All postgraduate,All,2015/16,Scotland,295
Non-European Union,Thailand,Postgraduate (research),Full-time,2015/16,Scotland,85
Non-European Union,Thailand,Postgraduate (research),Part-time,2015/16,Scotland,0
Non-European Union,Thailand,Postgraduate (research),All,2015/16,Scotland,90
Non-European Union,Thailand,Postgraduate (taught),Full-time,2015/16,Scotland,355
Non-European Union,Thailand,Postgraduate (taught),Part-time,2015/16,Scotland,15
Non-European Union,Thailand,Postgraduate (taught),All,2015/16,Scotland,370
Non-European Union,Thailand,All postgraduate,Full-time,2015/16,Scotland,440
Non-European Union,Thailand,All postgraduate,Part-time,2015/16,Scotland,15
Non-European Union,Thailand,All postgraduate,All,2015/16,Scotland,455
Non-European Union,Japan,Postgraduate (research),Full-time,2015/16,Scotland,25
Non-European Union,Japan,Postgraduate (research),Part-time,2015/16,Scotland,5
Non-European Union,Japan,Postgraduate (research),All,2015/16,Scotland,35
Non-European Union,Japan,Postgraduate (taught),Full-time,2015/16,Scotland,65
Non-European Union,Japan,Postgraduate (taught),Part-time,2015/16,Scotland,10
Non-European Union,Japan,Postgraduate (taught),All,2015/16,Scotland,75
Non-European Union,Japan,All postgraduate,Full-time,2015/16,Scotland,90
Non-European Union,Japan,All postgraduate,Part-time,2015/16,Scotland,20
Non-European Union,Japan,All postgraduate,All,2015/16,Scotland,105
Non-European Union,Saudi Arabia,Postgraduate (research),Full-time,2015/16,Scotland,260
Non-European Union,Saudi Arabia,Postgraduate (research),Part-time,2015/16,Scotland,10
Non-European Union,Saudi Arabia,Postgraduate (research),All,2015/16,Scotland,265
Non-European Union,Saudi Arabia,Postgraduate (taught),Full-time,2015/16,Scotland,210
Non-European Union,Saudi Arabia,Postgraduate (taught),Part-time,2015/16,Scotland,35
Non-European Union,Saudi Arabia,Postgraduate (taught),All,2015/16,Scotland,245
Non-European Union,Saudi Arabia,All postgraduate,Full-time,2015/16,Scotland,470
Non-European Union,Saudi Arabia,All postgraduate,Part-time,2015/16,Scotland,45
Non-European Union,Saudi Arabia,All postgraduate,All,2015/16,Scotland,515
Non-European Union,Oman,Postgraduate (research),Full-time,2015/16,Scotland,50
Non-European Union,Oman,Postgraduate (research),Part-time,2015/16,Scotland,10
Non-European Union,Oman,Postgraduate (research),All,2015/16,Scotland,60
Non-European Union,Oman,Postgraduate (taught),Full-time,2015/16,Scotland,75
Non-European Union,Oman,Postgraduate (taught),Part-time,2015/16,Scotland,10
Non-European Union,Oman,Postgraduate (taught),All,2015/16,Scotland,85
Non-European Union,Oman,All postgraduate,Full-time,2015/16,Scotland,120
Non-European Union,Oman,All postgraduate,Part-time,2015/16,Scotland,20
Non-European Union,Oman,All postgraduate,All,2015/16,Scotland,145
Non-European Union,Kuwait,Postgraduate (research),Full-time,2015/16,Scotland,35
Non-European Union,Kuwait,Postgraduate (research),Part-time,2015/16,Scotland,5
Non-European Union,Kuwait,Postgraduate (research),All,2015/16,Scotland,40
Non-European Union,Kuwait,Postgraduate (taught),Full-time,2015/16,Scotland,25
Non-European Union,Kuwait,Postgraduate (taught),Part-time,2015/16,Scotland,10
Non-European Union,Kuwait,Postgraduate (taught),All,2015/16,Scotland,35
Non-European Union,Kuwait,All postgraduate,Full-time,2015/16,Scotland,60
Non-European Union,Kuwait,All postgraduate,Part-time,2015/16,Scotland,15
Non-European Union,Kuwait,All postgraduate,All,2015/16,Scotland,75
Non-European Union,Turkey,Postgraduate (research),Full-time,2015/16,Scotland,55
Non-European Union,Turkey,Postgraduate (research),Part-time,2015/16,Scotland,0
Non-European Union,Turkey,Postgraduate (research),All,2015/16,Scotland,60
Non-European Union,Turkey,Postgraduate (taught),Full-time,2015/16,Scotland,80
Non-European Union,Turkey,Postgraduate (taught),Part-time,2015/16,Scotland,10
Non-European Union,Turkey,Postgraduate (taught),All,2015/16,Scotland,90
Non-European Union,Turkey,All postgraduate,Full-time,2015/16,Scotland,135
Non-European Union,Turkey,All postgraduate,Part-time,2015/16,Scotland,10
Non-European Union,Turkey,All postgraduate,All,2015/16,Scotland,150
Non-European Union,Congo,All,Full-time,2016/17,Scotland,0
Non-European Union,Congo,All,Part-time,2016/17,Scotland,0
Non-European Union,Congo,All,All,2016/17,Scotland,0
Non-European Union,Congo,Postgraduate (taught),Full-time,2016/17,Scotland,0
Non-European Union,Congo,Postgraduate (taught),Part-time,2016/17,Scotland,0
Non-European Union,Congo,Postgraduate (taught),All,2016/17,Scotland,0
Non-European Union,Congo,All postgraduate,Full-time,2016/17,Scotland,0
Non-European Union,Congo,All postgraduate,Part-time,2016/17,Scotland,0
Non-European Union,Congo,All postgraduate,All,2016/17,Scotland,0
Non-European Union,Nigeria,All,Full-time,2016/17,Scotland,1110
Non-European Union,Nigeria,All,Part-time,2016/17,Scotland,155
Non-European Union,Nigeria,All,All,2016/17,Scotland,1265
Non-European Union,Nigeria,Postgraduate (research),Full-time,2016/17,Scotland,300
Non-European Union,Nigeria,Postgraduate (research),Part-time,2016/17,Scotland,15
Non-European Union,Nigeria,Postgraduate (research),All,2016/17,Scotland,315
Non-European Union,Nigeria,Postgraduate (taught),Full-time,2016/17,Scotland,565
Non-European Union,Nigeria,Postgraduate (taught),Part-time,2016/17,Scotland,105
Non-European Union,Nigeria,Postgraduate (taught),All,2016/17,Scotland,670
Non-European Union,Nigeria,All postgraduate,Full-time,2016/17,Scotland,865
Non-European Union,Nigeria,All postgraduate,Part-time,2016/17,Scotland,120
Non-European Union,Nigeria,All postgraduate,All,2016/17,Scotland,985
Non-European Union,China,All,Full-time,2016/17,Scotland,7920
Non-European Union,China,All,Part-time,2016/17,Scotland,555
Non-European Union,China,All,All,2016/17,Scotland,8475
Non-European Union,China,Postgraduate (research),Full-time,2016/17,Scotland,680
Non-European Union,China,Postgraduate (research),Part-time,2016/17,Scotland,20
Non-European Union,China,Postgraduate (research),All,2016/17,Scotland,700
Non-European Union,China,Postgraduate (taught),Full-time,2016/17,Scotland,4960
Non-European Union,China,Postgraduate (taught),Part-time,2016/17,Scotland,100
Non-European Union,China,Postgraduate (taught),All,2016/17,Scotland,5060
Non-European Union,China,All postgraduate,Full-time,2016/17,Scotland,5640
Non-European Union,China,All postgraduate,Part-time,2016/17,Scotland,125
Non-European Union,China,All postgraduate,All,2016/17,Scotland,5760
Non-European Union,Kenya,All,Full-time,2016/17,Scotland,165
Non-European Union,Kenya,All,Part-time,2016/17,Scotland,25
Non-European Union,Kenya,All,All,2016/17,Scotland,185
Non-European Union,Kenya,Postgraduate (research),Full-time,2016/17,Scotland,10
Non-European Union,Kenya,Postgraduate (research),Part-time,2016/17,Scotland,0
Non-European Union,Kenya,Postgraduate (research),All,2016/17,Scotland,15
Non-European Union,Kenya,Postgraduate (taught),Full-time,2016/17,Scotland,70
Non-European Union,Kenya,Postgraduate (taught),Part-time,2016/17,Scotland,15
Non-European Union,Kenya,Postgraduate (taught),All,2016/17,Scotland,85
Non-European Union,Kenya,All postgraduate,Full-time,2016/17,Scotland,80
Non-European Union,Kenya,All postgraduate,Part-time,2016/17,Scotland,20
Non-European Union,Kenya,All postgraduate,All,2016/17,Scotland,100
Non-European Union,"Gambia, The",All,Full-time,2016/17,Scotland,20
Non-European Union,"Gambia, The",All,Part-time,2016/17,Scotland,0
Non-European Union,"Gambia, The",All,All,2016/17,Scotland,20
Non-European Union,"Gambia, The",Postgraduate (research),Full-time,2016/17,Scotland,0
Non-European Union,"Gambia, The",Postgraduate (research),Part-time,2016/17,Scotland,0
Non-European Union,"Gambia, The",Postgraduate (research),All,2016/17,Scotland,0
Non-European Union,"Gambia, The",Postgraduate (taught),Full-time,2016/17,Scotland,5
Non-European Union,"Gambia, The",Postgraduate (taught),Part-time,2016/17,Scotland,0
Non-European Union,"Gambia, The",Postgraduate (taught),All,2016/17,Scotland,5
Non-European Union,"Gambia, The",All postgraduate,Full-time,2016/17,Scotland,10
Non-European Union,"Gambia, The",All postgraduate,Part-time,2016/17,Scotland,0
Non-European Union,"Gambia, The",All postgraduate,All,2016/17,Scotland,10
Non-European Union,India,All,Full-time,2016/17,Scotland,1330
Non-European Union,India,All,Part-time,2016/17,Scotland,95
Non-European Union,India,All,All,2016/17,Scotland,1425
Non-European Union,India,Postgraduate (research),Full-time,2016/17,Scotland,195
Non-European Union,India,Postgraduate (research),Part-time,2016/17,Scotland,20
Non-European Union,India,Postgraduate (research),All,2016/17,Scotland,220
Non-European Union,India,Postgraduate (taught),Full-time,2016/17,Scotland,730
Non-European Union,India,Postgraduate (taught),Part-time,2016/17,Scotland,50
Non-European Union,India,Postgraduate (taught),All,2016/17,Scotland,780
Non-European Union,India,All postgraduate,Full-time,2016/17,Scotland,925
Non-European Union,India,All postgraduate,Part-time,2016/17,Scotland,70
Non-European Union,India,All postgraduate,All,2016/17,Scotland,1000
Non-European Union,Pakistan,All,Full-time,2016/17,Scotland,525
Non-European Union,Pakistan,All,Part-time,2016/17,Scotland,45
Non-European Union,Pakistan,All,All,2016/17,Scotland,570
Non-European Union,Pakistan,Postgraduate (research),Full-time,2016/17,Scotland,105
Non-European Union,Pakistan,Postgraduate (research),Part-time,2016/17,Scotland,5
Non-European Union,Pakistan,Postgraduate (research),All,2016/17,Scotland,110
Non-European Union,Pakistan,Postgraduate (taught),Full-time,2016/17,Scotland,210
Non-European Union,Pakistan,Postgraduate (taught),Part-time,2016/17,Scotland,30
Non-European Union,Pakistan,Postgraduate (taught),All,2016/17,Scotland,240
Non-European Union,Pakistan,All postgraduate,Full-time,2016/17,Scotland,310
Non-European Union,Pakistan,All postgraduate,Part-time,2016/17,Scotland,35
Non-European Union,Pakistan,All postgraduate,All,2016/17,Scotland,350
Non-European Union,Taiwan,All,Full-time,2016/17,Scotland,355
Non-European Union,Taiwan,All,Part-time,2016/17,Scotland,15
Non-European Union,Taiwan,All,All,2016/17,Scotland,365
Non-European Union,Taiwan,Postgraduate (research),Full-time,2016/17,Scotland,35
Non-European Union,Taiwan,Postgraduate (research),Part-time,2016/17,Scotland,0
Non-European Union,Taiwan,Postgraduate (research),All,2016/17,Scotland,40
Non-European Union,Taiwan,Postgraduate (taught),Full-time,2016/17,Scotland,260
Non-European Union,Taiwan,Postgraduate (taught),Part-time,2016/17,Scotland,5
Non-European Union,Taiwan,Postgraduate (taught),All,2016/17,Scotland,265
Non-European Union,Taiwan,All postgraduate,Full-time,2016/17,Scotland,295
Non-European Union,Taiwan,All postgraduate,Part-time,2016/17,Scotland,5
Non-European Union,Taiwan,All postgraduate,All,2016/17,Scotland,305
Non-European Union,Thailand,All,Full-time,2016/17,Scotland,575
Non-European Union,Thailand,All,Part-time,2016/17,Scotland,45
Non-European Union,Thailand,All,All,2016/17,Scotland,620
Non-European Union,Thailand,Postgraduate (research),Full-time,2016/17,Scotland,105
Non-European Union,Thailand,Postgraduate (research),Part-time,2016/17,Scotland,0
Non-European Union,Thailand,Postgraduate (research),All,2016/17,Scotland,105
Non-European Union,Thailand,Postgraduate (taught),Full-time,2016/17,Scotland,340
Non-European Union,Thailand,Postgraduate (taught),Part-time,2016/17,Scotland,15
Non-European Union,Thailand,Postgraduate (taught),All,2016/17,Scotland,355
Non-European Union,Thailand,All postgraduate,Full-time,2016/17,Scotland,445
Non-European Union,Thailand,All postgraduate,Part-time,2016/17,Scotland,15
Non-European Union,Thailand,All postgraduate,All,2016/17,Scotland,460
Non-European Union,Japan,All,Full-time,2016/17,Scotland,205
Non-European Union,Japan,All,Part-time,2016/17,Scotland,15
Non-European Union,Japan,All,All,2016/17,Scotland,220
Non-European Union,Japan,Postgraduate (research),Full-time,2016/17,Scotland,25
Non-European Union,Japan,Postgraduate (research),Part-time,2016/17,Scotland,5
Non-European Union,Japan,Postgraduate (research),All,2016/17,Scotland,30
Non-European Union,Japan,Postgraduate (taught),Full-time,2016/17,Scotland,80
Non-European Union,Japan,Postgraduate (taught),Part-time,2016/17,Scotland,5
Non-European Union,Japan,Postgraduate (taught),All,2016/17,Scotland,85
Non-European Union,Japan,All postgraduate,Full-time,2016/17,Scotland,105
Non-European Union,Japan,All postgraduate,Part-time,2016/17,Scotland,10
Non-European Union,Japan,All postgraduate,All,2016/17,Scotland,115
Non-European Union,Saudi Arabia,All,Full-time,2016/17,Scotland,690
Non-European Union,Saudi Arabia,All,Part-time,2016/17,Scotland,70
Non-European Union,Saudi Arabia,All,All,2016/17,Scotland,760
Non-European Union,Saudi Arabia,Postgraduate (research),Full-time,2016/17,Scotland,315
Non-European Union,Saudi Arabia,Postgraduate (research),Part-time,2016/17,Scotland,10
Non-European Union,Saudi Arabia,Postgraduate (research),All,2016/17,Scotland,325
Non-European Union,Saudi Arabia,Postgraduate (taught),Full-time,2016/17,Scotland,230
Non-European Union,Saudi Arabia,Postgraduate (taught),Part-time,2016/17,Scotland,35
Non-European Union,Saudi Arabia,Postgraduate (taught),All,2016/17,Scotland,265
Non-European Union,Saudi Arabia,All postgraduate,Full-time,2016/17,Scotland,550
Non-European Union,Saudi Arabia,All postgraduate,Part-time,2016/17,Scotland,45
Non-European Union,Saudi Arabia,All postgraduate,All,2016/17,Scotland,595
Non-European Union,Oman,All,Full-time,2016/17,Scotland,300
Non-European Union,Oman,All,Part-time,2016/17,Scotland,30
Non-European Union,Oman,All,All,2016/17,Scotland,330
Non-European Union,Oman,Postgraduate (research),Full-time,2016/17,Scotland,45
Non-European Union,Oman,Postgraduate (research),Part-time,2016/17,Scotland,10
Non-European Union,Oman,Postgraduate (research),All,2016/17,Scotland,55
Non-European Union,Oman,Postgraduate (taught),Full-time,2016/17,Scotland,75
Non-European Union,Oman,Postgraduate (taught),Part-time,2016/17,Scotland,15
Non-European Union,Oman,Postgraduate (taught),All,2016/17,Scotland,90
Non-European Union,Oman,All postgraduate,Full-time,2016/17,Scotland,120
Non-European Union,Oman,All postgraduate,Part-time,2016/17,Scotland,25
Non-European Union,Oman,All postgraduate,All,2016/17,Scotland,145
Non-European Union,Kuwait,All,Full-time,2016/17,Scotland,205
Non-European Union,Kuwait,All,Part-time,2016/17,Scotland,15
Non-European Union,Kuwait,All,All,2016/17,Scotland,225
Non-European Union,Kuwait,Postgraduate (research),Full-time,2016/17,Scotland,40
Non-European Union,Kuwait,Postgraduate (research),Part-time,2016/17,Scotland,5
Non-European Union,Kuwait,Postgraduate (research),All,2016/17,Scotland,45
Non-European Union,Kuwait,Postgraduate (taught),Full-time,2016/17,Scotland,45
Non-European Union,Kuwait,Postgraduate (taught),Part-time,2016/17,Scotland,5
Non-European Union,Kuwait,Postgraduate (taught),All,2016/17,Scotland,50
Non-European Union,Kuwait,All postgraduate,Full-time,2016/17,Scotland,85
Non-European Union,Kuwait,All postgraduate,Part-time,2016/17,Scotland,10
Non-European Union,Kuwait,All postgraduate,All,2016/17,Scotland,95
Non-European Union,Turkey,All,Full-time,2016/17,Scotland,210
Non-European Union,Turkey,All,Part-time,2016/17,Scotland,20
Non-European Union,Turkey,All,All,2016/17,Scotland,230
Non-European Union,Turkey,Postgraduate (research),Full-time,2016/17,Scotland,60
Non-European Union,Turkey,Postgraduate (research),Part-time,2016/17,Scotland,0
Non-European Union,Turkey,Postgraduate (research),All,2016/17,Scotland,60
Non-European Union,Turkey,Postgraduate (taught),Full-time,2016/17,Scotland,100
Non-European Union,Turkey,Postgraduate (taught),Part-time,2016/17,Scotland,10
Non-European Union,Turkey,Postgraduate (taught),All,2016/17,Scotland,110
Non-European Union,Turkey,All postgraduate,Full-time,2016/17,Scotland,160
Non-European Union,Turkey,All postgraduate,Part-time,2016/17,Scotland,10
Non-European Union,Turkey,All postgraduate,All,2016/17,Scotland,175
Non-European Union,Congo,Postgraduate (taught),Full-time,2017/18,Scotland,0
Non-European Union,Congo,Postgraduate (taught),Part-time,2017/18,Scotland,0
Non-European Union,Congo,Postgraduate (taught),All,2017/18,Scotland,0
Non-European Union,Congo,All postgraduate,Full-time,2017/18,Scotland,0
Non-European Union,Congo,All postgraduate,Part-time,2017/18,Scotland,0
Non-European Union,Congo,All postgraduate,All,2017/18,Scotland,0
Non-European Union,Congo (Democratic Republic) {formerly Zaire},Postgraduate (research),Part-time,2017/18,Scotland,0
Non-European Union,Congo (Democratic Republic) {formerly Zaire},Postgraduate (research),All,2017/18,Scotland,0
Non-European Union,Congo (Democratic Republic) {formerly Zaire},Postgraduate (taught),Full-time,2017/18,Scotland,0
Non-European Union,Congo (Democratic Republic) {formerly Zaire},Postgraduate (taught),Part-time,2017/18,Scotland,0
Non-European Union,Congo (Democratic Republic) {formerly Zaire},Postgraduate (taught),All,2017/18,Scotland,0
Non-European Union,Congo (Democratic Republic) {formerly Zaire},All postgraduate,Full-time,2017/18,Scotland,0
Non-European Union,Congo (Democratic Republic) {formerly Zaire},All postgraduate,Part-time,2017/18,Scotland,0
Non-European Union,Congo (Democratic Republic) {formerly Zaire},All postgraduate,All,2017/18,Scotland,0
Non-European Union,Nigeria,Postgraduate (research),Full-time,2017/18,Scotland,300
Non-European Union,Nigeria,Postgraduate (research),Part-time,2017/18,Scotland,10
Non-European Union,Nigeria,Postgraduate (research),All,2017/18,Scotland,310
Non-European Union,Nigeria,Postgraduate (taught),Full-time,2017/18,Scotland,470
Non-European Union,Nigeria,Postgraduate (taught),Part-time,2017/18,Scotland,90
Non-European Union,Nigeria,Postgraduate (taught),All,2017/18,Scotland,560
Non-European Union,Nigeria,All postgraduate,Full-time,2017/18,Scotland,770
Non-European Union,Nigeria,All postgraduate,Part-time,2017/18,Scotland,100
Non-European Union,Nigeria,All postgraduate,All,2017/18,Scotland,870
Non-European Union,China,Postgraduate (research),Full-time,2017/18,Scotland,755
Non-European Union,China,Postgraduate (research),Part-time,2017/18,Scotland,20
Non-European Union,China,Postgraduate (research),All,2017/18,Scotland,775
Non-European Union,China,Postgraduate (taught),Full-time,2017/18,Scotland,5745
Non-European Union,China,Postgraduate (taught),Part-time,2017/18,Scotland,75
Non-European Union,China,Postgraduate (taught),All,2017/18,Scotland,5815
Non-European Union,China,All postgraduate,Full-time,2017/18,Scotland,6500
Non-European Union,China,All postgraduate,Part-time,2017/18,Scotland,95
Non-European Union,China,All postgraduate,All,2017/18,Scotland,6595
Non-European Union,Kenya,Postgraduate (research),Full-time,2017/18,Scotland,15
Non-European Union,Kenya,Postgraduate (research),Part-time,2017/18,Scotland,0
Non-European Union,Kenya,Postgraduate (research),All,2017/18,Scotland,15
Non-European Union,Kenya,Postgraduate (taught),Full-time,2017/18,Scotland,65
Non-European Union,Kenya,Postgraduate (taught),Part-time,2017/18,Scotland,15
Non-European Union,Kenya,Postgraduate (taught),All,2017/18,Scotland,80
Non-European Union,Kenya,All postgraduate,Full-time,2017/18,Scotland,80
Non-European Union,Kenya,All postgraduate,Part-time,2017/18,Scotland,15
Non-European Union,Kenya,All postgraduate,All,2017/18,Scotland,95
Non-European Union,"Gambia, The",Postgraduate (research),Full-time,2017/18,Scotland,5
Non-European Union,"Gambia, The",Postgraduate (research),Part-time,2017/18,Scotland,0
Non-European Union,"Gambia, The",Postgraduate (research),All,2017/18,Scotland,5
Non-European Union,"Gambia, The",Postgraduate (taught),Full-time,2017/18,Scotland,5
Non-European Union,"Gambia, The",Postgraduate (taught),Part-time,2017/18,Scotland,0
Non-European Union,"Gambia, The",Postgraduate (taught),All,2017/18,Scotland,5
Non-European Union,"Gambia, The",All postgraduate,Full-time,2017/18,Scotland,5
Non-European Union,"Gambia, The",All postgraduate,Part-time,2017/18,Scotland,0
Non-European Union,"Gambia, The",All postgraduate,All,2017/18,Scotland,10
Non-European Union,India,Postgraduate (research),Full-time,2017/18,Scotland,180
Non-European Union,India,Postgraduate (research),Part-time,2017/18,Scotland,20
Non-European Union,India,Postgraduate (research),All,2017/18,Scotland,200
Non-European Union,India,Postgraduate (taught),Full-time,2017/18,Scotland,945
Non-European Union,India,Postgraduate (taught),Part-time,2017/18,Scotland,45
Non-European Union,India,Postgraduate (taught),All,2017/18,Scotland,990
Non-European Union,India,All postgraduate,Full-time,2017/18,Scotland,1125
Non-European Union,India,All postgraduate,Part-time,2017/18,Scotland,65
Non-European Union,India,All postgraduate,All,2017/18,Scotland,1190
Non-European Union,Pakistan,Postgraduate (research),Full-time,2017/18,Scotland,95
Non-European Union,Pakistan,Postgraduate (research),Part-time,2017/18,Scotland,10
Non-European Union,Pakistan,Postgraduate (research),All,2017/18,Scotland,100
Non-European Union,Pakistan,Postgraduate (taught),Full-time,2017/18,Scotland,255
Non-European Union,Pakistan,Postgraduate (taught),Part-time,2017/18,Scotland,45
Non-European Union,Pakistan,Postgraduate (taught),All,2017/18,Scotland,305
Non-European Union,Pakistan,All postgraduate,Full-time,2017/18,Scotland,350
Non-European Union,Pakistan,All postgraduate,Part-time,2017/18,Scotland,55
Non-European Union,Pakistan,All postgraduate,All,2017/18,Scotland,405
Non-European Union,Taiwan,Postgraduate (research),Full-time,2017/18,Scotland,35
Non-European Union,Taiwan,Postgraduate (research),Part-time,2017/18,Scotland,0
Non-European Union,Taiwan,Postgraduate (research),All,2017/18,Scotland,35
Non-European Union,Taiwan,Postgraduate (taught),Full-time,2017/18,Scotland,255
Non-European Union,Taiwan,Postgraduate (taught),Part-time,2017/18,Scotland,5
Non-European Union,Taiwan,Postgraduate (taught),All,2017/18,Scotland,260
Non-European Union,Taiwan,All postgraduate,Full-time,2017/18,Scotland,285
Non-European Union,Taiwan,All postgraduate,Part-time,2017/18,Scotland,5
Non-European Union,Taiwan,All postgraduate,All,2017/18,Scotland,295
Non-European Union,Thailand,Postgraduate (research),Full-time,2017/18,Scotland,115
Non-European Union,Thailand,Postgraduate (research),Part-time,2017/18,Scotland,0
Non-European Union,Thailand,Postgraduate (research),All,2017/18,Scotland,115
Non-European Union,Thailand,Postgraduate (taught),Full-time,2017/18,Scotland,345
Non-European Union,Thailand,Postgraduate (taught),Part-time,2017/18,Scotland,10
Non-European Union,Thailand,Postgraduate (taught),All,2017/18,Scotland,355
Non-European Union,Thailand,All postgraduate,Full-time,2017/18,Scotland,460
Non-European Union,Thailand,All postgraduate,Part-time,2017/18,Scotland,15
Non-European Union,Thailand,All postgraduate,All,2017/18,Scotland,470
Non-European Union,Japan,Postgraduate (research),Full-time,2017/18,Scotland,20
Non-European Union,Japan,Postgraduate (research),Part-time,2017/18,Scotland,5
Non-European Union,Japan,Postgraduate (research),All,2017/18,Scotland,25
Non-European Union,Japan,Postgraduate (taught),Full-time,2017/18,Scotland,70
Non-European Union,Japan,Postgraduate (taught),Part-time,2017/18,Scotland,5
Non-European Union,Japan,Postgraduate (taught),All,2017/18,Scotland,75
Non-European Union,Japan,All postgraduate,Full-time,2017/18,Scotland,90
Non-European Union,Japan,All postgraduate,Part-time,2017/18,Scotland,10
Non-European Union,Japan,All postgraduate,All,2017/18,Scotland,105
Non-European Union,Saudi Arabia,Postgraduate (research),Full-time,2017/18,Scotland,320
Non-European Union,Saudi Arabia,Postgraduate (research),Part-time,2017/18,Scotland,10
Non-European Union,Saudi Arabia,Postgraduate (research),All,2017/18,Scotland,330
Non-European Union,Saudi Arabia,Postgraduate (taught),Full-time,2017/18,Scotland,240
Non-European Union,Saudi Arabia,Postgraduate (taught),Part-time,2017/18,Scotland,40
Non-European Union,Saudi Arabia,Postgraduate (taught),All,2017/18,Scotland,280
Non-European Union,Saudi Arabia,All postgraduate,Full-time,2017/18,Scotland,560
Non-European Union,Saudi Arabia,All postgraduate,Part-time,2017/18,Scotland,50
Non-European Union,Saudi Arabia,All postgraduate,All,2017/18,Scotland,610
Non-European Union,Oman,Postgraduate (research),Full-time,2017/18,Scotland,35
Non-European Union,Oman,Postgraduate (research),Part-time,2017/18,Scotland,10
Non-European Union,Oman,Postgraduate (research),All,2017/18,Scotland,40
Non-European Union,Oman,Postgraduate (taught),Full-time,2017/18,Scotland,60
Non-European Union,Oman,Postgraduate (taught),Part-time,2017/18,Scotland,15
Non-European Union,Oman,Postgraduate (taught),All,2017/18,Scotland,70
Non-European Union,Oman,All postgraduate,Full-time,2017/18,Scotland,90
Non-European Union,Oman,All postgraduate,Part-time,2017/18,Scotland,25
Non-European Union,Oman,All postgraduate,All,2017/18,Scotland,115
Non-European Union,Kuwait,Postgraduate (research),Full-time,2017/18,Scotland,50
Non-European Union,Kuwait,Postgraduate (research),Part-time,2017/18,Scotland,5
Non-European Union,Kuwait,Postgraduate (research),All,2017/18,Scotland,55
Non-European Union,Kuwait,Postgraduate (taught),Full-time,2017/18,Scotland,45
Non-European Union,Kuwait,Postgraduate (taught),Part-time,2017/18,Scotland,15
Non-European Union,Kuwait,Postgraduate (taught),All,2017/18,Scotland,60
Non-European Union,Kuwait,All postgraduate,Full-time,2017/18,Scotland,95
Non-European Union,Kuwait,All postgraduate,Part-time,2017/18,Scotland,20
Non-European Union,Kuwait,All postgraduate,All,2017/18,Scotland,115
Non-European Union,Turkey,Postgraduate (research),Full-time,2017/18,Scotland,75
Non-European Union,Turkey,Postgraduate (research),Part-time,2017/18,Scotland,5
Non-European Union,Turkey,Postgraduate (research),All,2017/18,Scotland,80
Non-European Union,Turkey,Postgraduate (taught),Full-time,2017/18,Scotland,130
Non-European Union,Turkey,Postgraduate (taught),Part-time,2017/18,Scotland,10
Non-European Union,Turkey,Postgraduate (taught),All,2017/18,Scotland,140
Non-European Union,Turkey,All postgraduate,Full-time,2017/18,Scotland,210
Non-European Union,Turkey,All postgraduate,Part-time,2017/18,Scotland,10
Non-European Union,Turkey,All postgraduate,All,2017/18,Scotland,220
Non-European Union,Congo,Postgraduate (research),Part-time,2018/19,Scotland,0
Non-European Union,Congo,Postgraduate (research),All,2018/19,Scotland,0
Non-European Union,Congo,Postgraduate (taught),Full-time,2018/19,Scotland,0
Non-European Union,Congo,Postgraduate (taught),Part-time,2018/19,Scotland,0
Non-European Union,Congo,Postgraduate (taught),All,2018/19,Scotland,0
Non-European Union,Congo,All postgraduate,Full-time,2018/19,Scotland,0
Non-European Union,Congo,All postgraduate,Part-time,2018/19,Scotland,0
Non-European Union,Congo,All postgraduate,All,2018/19,Scotland,0
Non-European Union,Nigeria,Postgraduate (research),Full-time,2018/19,Scotland,295
Non-European Union,Nigeria,Postgraduate (research),Part-time,2018/19,Scotland,15
Non-European Union,Nigeria,Postgraduate (research),All,2018/19,Scotland,310
Non-European Union,Nigeria,Postgraduate (taught),Full-time,2018/19,Scotland,660
Non-European Union,Nigeria,Postgraduate (taught),Part-time,2018/19,Scotland,80
Non-European Union,Nigeria,Postgraduate (taught),All,2018/19,Scotland,740
Non-European Union,Nigeria,All postgraduate,Full-time,2018/19,Scotland,950
Non-European Union,Nigeria,All postgraduate,Part-time,2018/19,Scotland,95
Non-European Union,Nigeria,All postgraduate,All,2018/19,Scotland,1050
Non-European Union,China,Postgraduate (research),Full-time,2018/19,Scotland,865
Non-European Union,China,Postgraduate (research),Part-time,2018/19,Scotland,20
Non-European Union,China,Postgraduate (research),All,2018/19,Scotland,885
Non-European Union,China,Postgraduate (taught),Full-time,2018/19,Scotland,6930
Non-European Union,China,Postgraduate (taught),Part-time,2018/19,Scotland,55
Non-European Union,China,Postgraduate (taught),All,2018/19,Scotland,6985
Non-European Union,China,All postgraduate,Full-time,2018/19,Scotland,7790
Non-European Union,China,All postgraduate,Part-time,2018/19,Scotland,75
Non-European Union,China,All postgraduate,All,2018/19,Scotland,7870
Non-European Union,Kenya,Postgraduate (research),Full-time,2018/19,Scotland,20
Non-European Union,Kenya,Postgraduate (research),Part-time,2018/19,Scotland,0
Non-European Union,Kenya,Postgraduate (research),All,2018/19,Scotland,20
Non-European Union,Kenya,Postgraduate (taught),Full-time,2018/19,Scotland,55
Non-European Union,Kenya,Postgraduate (taught),Part-time,2018/19,Scotland,10
Non-European Union,Kenya,Postgraduate (taught),All,2018/19,Scotland,65
Non-European Union,Kenya,All postgraduate,Full-time,2018/19,Scotland,75
Non-European Union,Kenya,All postgraduate,Part-time,2018/19,Scotland,15
Non-European Union,Kenya,All postgraduate,All,2018/19,Scotland,85
Non-European Union,"Gambia, The",Postgraduate (research),Full-time,2018/19,Scotland,0
Non-European Union,"Gambia, The",Postgraduate (research),Part-time,2018/19,Scotland,0
Non-European Union,"Gambia, The",Postgraduate (research),All,2018/19,Scotland,0
Non-European Union,"Gambia, The",Postgraduate (taught),Full-time,2018/19,Scotland,5
Non-European Union,"Gambia, The",Postgraduate (taught),Part-time,2018/19,Scotland,0
Non-European Union,"Gambia, The",Postgraduate (taught),All,2018/19,Scotland,5
Non-European Union,"Gambia, The",All postgraduate,Full-time,2018/19,Scotland,5
Non-European Union,"Gambia, The",All postgraduate,Part-time,2018/19,Scotland,0
Non-European Union,"Gambia, The",All postgraduate,All,2018/19,Scotland,10
Non-European Union,India,Postgraduate (research),Full-time,2018/19,Scotland,195
Non-European Union,India,Postgraduate (research),Part-time,2018/19,Scotland,20
Non-European Union,India,Postgraduate (research),All,2018/19,Scotland,215
Non-European Union,India,Postgraduate (taught),Full-time,2018/19,Scotland,1305
Non-European Union,India,Postgraduate (taught),Part-time,2018/19,Scotland,55
Non-European Union,India,Postgraduate (taught),All,2018/19,Scotland,1360
Non-European Union,India,All postgraduate,Full-time,2018/19,Scotland,1500
Non-European Union,India,All postgraduate,Part-time,2018/19,Scotland,70
Non-European Union,India,All postgraduate,All,2018/19,Scotland,1575
Non-European Union,Pakistan,Postgraduate (research),Full-time,2018/19,Scotland,120
Non-European Union,Pakistan,Postgraduate (research),Part-time,2018/19,Scotland,5
Non-European Union,Pakistan,Postgraduate (research),All,2018/19,Scotland,125
Non-European Union,Pakistan,Postgraduate (taught),Full-time,2018/19,Scotland,275
Non-European Union,Pakistan,Postgraduate (taught),Part-time,2018/19,Scotland,65
Non-European Union,Pakistan,Postgraduate (taught),All,2018/19,Scotland,340
Non-European Union,Pakistan,All postgraduate,Full-time,2018/19,Scotland,395
Non-European Union,Pakistan,All postgraduate,Part-time,2018/19,Scotland,70
Non-European Union,Pakistan,All postgraduate,All,2018/19,Scotland,465
Non-European Union,Taiwan,Postgraduate (research),Full-time,2018/19,Scotland,40
Non-European Union,Taiwan,Postgraduate (research),Part-time,2018/19,Scotland,0
Non-European Union,Taiwan,Postgraduate (research),All,2018/19,Scotland,40
Non-European Union,Taiwan,Postgraduate (taught),Full-time,2018/19,Scotland,270
Non-European Union,Taiwan,Postgraduate (taught),Part-time,2018/19,Scotland,5
Non-European Union,Taiwan,Postgraduate (taught),All,2018/19,Scotland,275
Non-European Union,Taiwan,All postgraduate,Full-time,2018/19,Scotland,305
Non-European Union,Taiwan,All postgraduate,Part-time,2018/19,Scotland,5
Non-European Union,Taiwan,All postgraduate,All,2018/19,Scotland,315
Non-European Union,Thailand,Postgraduate (research),Full-time,2018/19,Scotland,135
Non-European Union,Thailand,Postgraduate (research),Part-time,2018/19,Scotland,5
Non-European Union,Thailand,Postgraduate (research),All,2018/19,Scotland,140
Non-European Union,Thailand,Postgraduate (taught),Full-time,2018/19,Scotland,385
Non-European Union,Thailand,Postgraduate (taught),Part-time,2018/19,Scotland,5
Non-European Union,Thailand,Postgraduate (taught),All,2018/19,Scotland,390
Non-European Union,Thailand,All postgraduate,Full-time,2018/19,Scotland,520
Non-European Union,Thailand,All postgraduate,Part-time,2018/19,Scotland,10
Non-European Union,Thailand,All postgraduate,All,2018/19,Scotland,530
Non-European Union,Japan,Postgraduate (research),Full-time,2018/19,Scotland,20
Non-European Union,Japan,Postgraduate (research),Part-time,2018/19,Scotland,10
Non-European Union,Japan,Postgraduate (research),All,2018/19,Scotland,25
Non-European Union,Japan,Postgraduate (taught),Full-time,2018/19,Scotland,80
Non-European Union,Japan,Postgraduate (taught),Part-time,2018/19,Scotland,10
Non-European Union,Japan,Postgraduate (taught),All,2018/19,Scotland,90
Non-European Union,Japan,All postgraduate,Full-time,2018/19,Scotland,100
Non-European Union,Japan,All postgraduate,Part-time,2018/19,Scotland,15
Non-European Union,Japan,All postgraduate,All,2018/19,Scotland,115
Non-European Union,Saudi Arabia,Postgraduate (research),Full-time,2018/19,Scotland,340
Non-European Union,Saudi Arabia,Postgraduate (research),Part-time,2018/19,Scotland,10
Non-European Union,Saudi Arabia,Postgraduate (research),All,2018/19,Scotland,350
Non-European Union,Saudi Arabia,Postgraduate (taught),Full-time,2018/19,Scotland,240
Non-European Union,Saudi Arabia,Postgraduate (taught),Part-time,2018/19,Scotland,25
Non-European Union,Saudi Arabia,Postgraduate (taught),All,2018/19,Scotland,270
Non-European Union,Saudi Arabia,All postgraduate,Full-time,2018/19,Scotland,580
Non-European Union,Saudi Arabia,All postgraduate,Part-time,2018/19,Scotland,35
Non-European Union,Saudi Arabia,All postgraduate,All,2018/19,Scotland,620
Non-European Union,Oman,Postgraduate (research),Full-time,2018/19,Scotland,35
Non-European Union,Oman,Postgraduate (research),Part-time,2018/19,Scotland,10
Non-European Union,Oman,Postgraduate (research),All,2018/19,Scotland,45
Non-European Union,Oman,Postgraduate (taught),Full-time,2018/19,Scotland,70
Non-European Union,Oman,Postgraduate (taught),Part-time,2018/19,Scotland,20
Non-European Union,Oman,Postgraduate (taught),All,2018/19,Scotland,85
Non-European Union,Oman,All postgraduate,Full-time,2018/19,Scotland,100
Non-European Union,Oman,All postgraduate,Part-time,2018/19,Scotland,25
Non-European Union,Oman,All postgraduate,All,2018/19,Scotland,130
Non-European Union,Kuwait,Postgraduate (research),Full-time,2018/19,Scotland,45
Non-European Union,Kuwait,Postgraduate (research),Part-time,2018/19,Scotland,0
Non-European Union,Kuwait,Postgraduate (research),All,2018/19,Scotland,50
Non-European Union,Kuwait,Postgraduate (taught),Full-time,2018/19,Scotland,40
Non-European Union,Kuwait,Postgraduate (taught),Part-time,2018/19,Scotland,15
Non-European Union,Kuwait,Postgraduate (taught),All,2018/19,Scotland,50
Non-European Union,Kuwait,All postgraduate,Full-time,2018/19,Scotland,85
Non-European Union,Kuwait,All postgraduate,Part-time,2018/19,Scotland,15
Non-European Union,Kuwait,All postgraduate,All,2018/19,Scotland,100
Non-European Union,Turkey,Postgraduate (research),Full-time,2018/19,Scotland,95
Non-European Union,Turkey,Postgraduate (research),Part-time,2018/19,Scotland,5
Non-European Union,Turkey,Postgraduate (research),All,2018/19,Scotland,100
Non-European Union,Turkey,Postgraduate (taught),Full-time,2018/19,Scotland,120
Non-European Union,Turkey,Postgraduate (taught),Part-time,2018/19,Scotland,0
Non-European Union,Turkey,Postgraduate (taught),All,2018/19,Scotland,120
Non-European Union,Turkey,All postgraduate,Full-time,2018/19,Scotland,215
Non-European Union,Turkey,All postgraduate,Part-time,2018/19,Scotland,5
Non-European Union,Turkey,All postgraduate,All,2018/19,Scotland,220
Non-European Union,Congo,Postgraduate (research),Part-time,2019/20,Scotland,0
Non-European Union,Congo,Postgraduate (research),All,2019/20,Scotland,0
Non-European Union,Congo,Postgraduate (taught),Full-time,2019/20,Scotland,0
Non-European Union,Congo,Postgraduate (taught),Part-time,2019/20,Scotland,0
Non-European Union,Congo,Postgraduate (taught),All,2019/20,Scotland,0
Non-European Union,Congo,All postgraduate,Full-time,2019/20,Scotland,0
Non-European Union,Congo,All postgraduate,Part-time,2019/20,Scotland,0
Non-European Union,Congo,All postgraduate,All,2019/20,Scotland,0
Non-European Union,Nigeria,Postgraduate (research),Full-time,2019/20,Scotland,300
Non-European Union,Nigeria,Postgraduate (research),Part-time,2019/20,Scotland,10
Non-European Union,Nigeria,Postgraduate (research),All,2019/20,Scotland,310
Non-European Union,Nigeria,Postgraduate (taught),Full-time,2019/20,Scotland,1020
Non-European Union,Nigeria,Postgraduate (taught),Part-time,2019/20,Scotland,100
Non-European Union,Nigeria,Postgraduate (taught),All,2019/20,Scotland,1120
Non-European Union,Nigeria,All postgraduate,Full-time,2019/20,Scotland,1320
Non-European Union,Nigeria,All postgraduate,Part-time,2019/20,Scotland,110
Non-European Union,Nigeria,All postgraduate,All,2019/20,Scotland,1430
Non-European Union,China,Postgraduate (research),Full-time,2019/20,Scotland,965
Non-European Union,China,Postgraduate (research),Part-time,2019/20,Scotland,20
Non-European Union,China,Postgraduate (research),All,2019/20,Scotland,980
Non-European Union,China,Postgraduate (taught),Full-time,2019/20,Scotland,8840
Non-European Union,China,Postgraduate (taught),Part-time,2019/20,Scotland,90
Non-European Union,China,Postgraduate (taught),All,2019/20,Scotland,8930
Non-European Union,China,All postgraduate,Full-time,2019/20,Scotland,9805
Non-European Union,China,All postgraduate,Part-time,2019/20,Scotland,110
Non-European Union,China,All postgraduate,All,2019/20,Scotland,9915
Non-European Union,Kenya,Postgraduate (research),Full-time,2019/20,Scotland,25
Non-European Union,Kenya,Postgraduate (research),Part-time,2019/20,Scotland,5
Non-European Union,Kenya,Postgraduate (research),All,2019/20,Scotland,30
Non-European Union,Kenya,Postgraduate (taught),Full-time,2019/20,Scotland,50
Non-European Union,Kenya,Postgraduate (taught),Part-time,2019/20,Scotland,10
Non-European Union,Kenya,Postgraduate (taught),All,2019/20,Scotland,60
Non-European Union,Kenya,All postgraduate,Full-time,2019/20,Scotland,75
Non-European Union,Kenya,All postgraduate,Part-time,2019/20,Scotland,15
Non-European Union,Kenya,All postgraduate,All,2019/20,Scotland,90
Non-European Union,"Gambia, The",Postgraduate (research),Full-time,2019/20,Scotland,0
Non-European Union,"Gambia, The",Postgraduate (research),Part-time,2019/20,Scotland,0
Non-European Union,"Gambia, The",Postgraduate (research),All,2019/20,Scotland,0
Non-European Union,"Gambia, The",Postgraduate (taught),Full-time,2019/20,Scotland,10
Non-European Union,"Gambia, The",Postgraduate (taught),Part-time,2019/20,Scotland,0
Non-European Union,"Gambia, The",Postgraduate (taught),All,2019/20,Scotland,10
Non-European Union,"Gambia, The",All postgraduate,Full-time,2019/20,Scotland,10
Non-European Union,"Gambia, The",All postgraduate,Part-time,2019/20,Scotland,0
Non-European Union,"Gambia, The",All postgraduate,All,2019/20,Scotland,10
Non-European Union,India,Postgraduate (research),Full-time,2019/20,Scotland,200
Non-European Union,India,Postgraduate (research),Part-time,2019/20,Scotland,15
Non-European Union,India,Postgraduate (research),All,2019/20,Scotland,215
Non-European Union,India,Postgraduate (taught),Full-time,2019/20,Scotland,2300
Non-European Union,India,Postgraduate (taught),Part-time,2019/20,Scotland,65
Non-European Union,India,Postgraduate (taught),All,2019/20,Scotland,2370
Non-European Union,India,All postgraduate,Full-time,2019/20,Scotland,2500
Non-European Union,India,All postgraduate,Part-time,2019/20,Scotland,85
Non-European Union,India,All postgraduate,All,2019/20,Scotland,2585
Non-European Union,Pakistan,Postgraduate (research),Full-time,2019/20,Scotland,95
Non-European Union,Pakistan,Postgraduate (research),Part-time,2019/20,Scotland,5
Non-European Union,Pakistan,Postgraduate (research),All,2019/20,Scotland,100
Non-European Union,Pakistan,Postgraduate (taught),Full-time,2019/20,Scotland,395
Non-European Union,Pakistan,Postgraduate (taught),Part-time,2019/20,Scotland,80
Non-European Union,Pakistan,Postgraduate (taught),All,2019/20,Scotland,475
Non-European Union,Pakistan,All postgraduate,Full-time,2019/20,Scotland,490
Non-European Union,Pakistan,All postgraduate,Part-time,2019/20,Scotland,85
Non-European Union,Pakistan,All postgraduate,All,2019/20,Scotland,570
Non-European Union,Taiwan,Postgraduate (research),Full-time,2019/20,Scotland,30
Non-European Union,Taiwan,Postgraduate (research),Part-time,2019/20,Scotland,0
Non-European Union,Taiwan,Postgraduate (research),All,2019/20,Scotland,30
Non-European Union,Taiwan,Postgraduate (taught),Full-time,2019/20,Scotland,305
Non-European Union,Taiwan,Postgraduate (taught),Part-time,2019/20,Scotland,5
Non-European Union,Taiwan,Postgraduate (taught),All,2019/20,Scotland,310
Non-European Union,Taiwan,All postgraduate,Full-time,2019/20,Scotland,340
Non-European Union,Taiwan,All postgraduate,Part-time,2019/20,Scotland,5
Non-European Union,Taiwan,All postgraduate,All,2019/20,Scotland,345
Non-European Union,Thailand,Postgraduate (research),Full-time,2019/20,Scotland,130
Non-European Union,Thailand,Postgraduate (research),Part-time,2019/20,Scotland,5
Non-European Union,Thailand,Postgraduate (research),All,2019/20,Scotland,135
Non-European Union,Thailand,Postgraduate (taught),Full-time,2019/20,Scotland,365
Non-European Union,Thailand,Postgraduate (taught),Part-time,2019/20,Scotland,10
Non-European Union,Thailand,Postgraduate (taught),All,2019/20,Scotland,375
Non-European Union,Thailand,All postgraduate,Full-time,2019/20,Scotland,495
Non-European Union,Thailand,All postgraduate,Part-time,2019/20,Scotland,15
Non-European Union,Thailand,All postgraduate,All,2019/20,Scotland,505
Non-European Union,Japan,Postgraduate (research),Full-time,2019/20,Scotland,15
Non-European Union,Japan,Postgraduate (research),Part-time,2019/20,Scotland,5
Non-European Union,Japan,Postgraduate (research),All,2019/20,Scotland,25
Non-European Union,Japan,Postgraduate (taught),Full-time,2019/20,Scotland,65
Non-European Union,Japan,Postgraduate (taught),Part-time,2019/20,Scotland,10
Non-European Union,Japan,Postgraduate (taught),All,2019/20,Scotland,80
Non-European Union,Japan,All postgraduate,Full-time,2019/20,Scotland,85
Non-European Union,Japan,All postgraduate,Part-time,2019/20,Scotland,20
Non-European Union,Japan,All postgraduate,All,2019/20,Scotland,100
Non-European Union,Saudi Arabia,Postgraduate (research),Full-time,2019/20,Scotland,285
Non-European Union,Saudi Arabia,Postgraduate (research),Part-time,2019/20,Scotland,10
Non-European Union,Saudi Arabia,Postgraduate (research),All,2019/20,Scotland,295
Non-European Union,Saudi Arabia,Postgraduate (taught),Full-time,2019/20,Scotland,355
Non-European Union,Saudi Arabia,Postgraduate (taught),Part-time,2019/20,Scotland,30
Non-European Union,Saudi Arabia,Postgraduate (taught),All,2019/20,Scotland,385
Non-European Union,Saudi Arabia,All postgraduate,Full-time,2019/20,Scotland,645
Non-European Union,Saudi Arabia,All postgraduate,Part-time,2019/20,Scotland,35
Non-European Union,Saudi Arabia,All postgraduate,All,2019/20,Scotland,680
Non-European Union,Oman,Postgraduate (research),Full-time,2019/20,Scotland,35
Non-European Union,Oman,Postgraduate (research),Part-time,2019/20,Scotland,5
Non-European Union,Oman,Postgraduate (research),All,2019/20,Scotland,40
Non-European Union,Oman,Postgraduate (taught),Full-time,2019/20,Scotland,70
Non-European Union,Oman,Postgraduate (taught),Part-time,2019/20,Scotland,10
Non-European Union,Oman,Postgraduate (taught),All,2019/20,Scotland,85
Non-European Union,Oman,All postgraduate,Full-time,2019/20,Scotland,105
Non-European Union,Oman,All postgraduate,Part-time,2019/20,Scotland,20
Non-European Union,Oman,All postgraduate,All,2019/20,Scotland,120
Non-European Union,Kuwait,Postgraduate (research),Full-time,2019/20,Scotland,45
Non-European Union,Kuwait,Postgraduate (research),Part-time,2019/20,Scotland,0
Non-European Union,Kuwait,Postgraduate (research),All,2019/20,Scotland,45
Non-European Union,Kuwait,Postgraduate (taught),Full-time,2019/20,Scotland,45
Non-European Union,Kuwait,Postgraduate (taught),Part-time,2019/20,Scotland,10
Non-European Union,Kuwait,Postgraduate (taught),All,2019/20,Scotland,55
Non-European Union,Kuwait,All postgraduate,Full-time,2019/20,Scotland,90
Non-European Union,Kuwait,All postgraduate,Part-time,2019/20,Scotland,10
Non-European Union,Kuwait,All postgraduate,All,2019/20,Scotland,105
Non-European Union,Turkey,Postgraduate (research),Full-time,2019/20,Scotland,95
Non-European Union,Turkey,Postgraduate (research),Part-time,2019/20,Scotland,5
Non-European Union,Turkey,Postgraduate (research),All,2019/20,Scotland,100
Non-European Union,Turkey,Postgraduate (taught),Full-time,2019/20,Scotland,105
Non-European Union,Turkey,Postgraduate (taught),Part-time,2019/20,Scotland,5
Non-European Union,Turkey,Postgraduate (taught),All,2019/20,Scotland,110
Non-European Union,Turkey,All postgraduate,Full-time,2019/20,Scotland,200
Non-European Union,Turkey,All postgraduate,Part-time,2019/20,Scotland,10
Non-European Union,Turkey,All postgraduate,All,2019/20,Scotland,210
Non-European Union,Congo,Postgraduate (research),Full-time,2020/21,Scotland,0
Non-European Union,Congo,Postgraduate (research),Part-time,2020/21,Scotland,0
Non-European Union,Congo,Postgraduate (research),All,2020/21,Scotland,0
Non-European Union,Congo,Postgraduate (taught),Full-time,2020/21,Scotland,0
Non-European Union,Congo,Postgraduate (taught),All,2020/21,Scotland,0
Non-European Union,Congo,All postgraduate,Full-time,2020/21,Scotland,0
Non-European Union,Congo,All postgraduate,Part-time,2020/21,Scotland,0
Non-European Union,Congo,All postgraduate,All,2020/21,Scotland,0
Non-European Union,Nigeria,Postgraduate (research),Full-time,2020/21,Scotland,330
Non-European Union,Nigeria,Postgraduate (research),Part-time,2020/21,Scotland,10
Non-European Union,Nigeria,Postgraduate (research),All,2020/21,Scotland,340
Non-European Union,Nigeria,Postgraduate (taught),Full-time,2020/21,Scotland,1905
Non-European Union,Nigeria,Postgraduate (taught),Part-time,2020/21,Scotland,115
Non-European Union,Nigeria,Postgraduate (taught),All,2020/21,Scotland,2020
Non-European Union,Nigeria,All postgraduate,Full-time,2020/21,Scotland,2240
Non-European Union,Nigeria,All postgraduate,Part-time,2020/21,Scotland,125
Non-European Union,Nigeria,All postgraduate,All,2020/21,Scotland,2365
Non-European Union,China,Postgraduate (research),Full-time,2020/21,Scotland,1105
Non-European Union,China,Postgraduate (research),Part-time,2020/21,Scotland,5
Non-European Union,China,Postgraduate (research),All,2020/21,Scotland,1115
Non-European Union,China,Postgraduate (taught),Full-time,2020/21,Scotland,10940
Non-European Union,China,Postgraduate (taught),Part-time,2020/21,Scotland,60
Non-European Union,China,Postgraduate (taught),All,2020/21,Scotland,11005
Non-European Union,China,All postgraduate,Full-time,2020/21,Scotland,12050
Non-European Union,China,All postgraduate,Part-time,2020/21,Scotland,65
Non-European Union,China,All postgraduate,All,2020/21,Scotland,12115
Non-European Union,Kenya,Postgraduate (research),Full-time,2020/21,Scotland,25
Non-European Union,Kenya,Postgraduate (research),Part-time,2020/21,Scotland,5
Non-European Union,Kenya,Postgraduate (research),All,2020/21,Scotland,30
Non-European Union,Kenya,Postgraduate (taught),Full-time,2020/21,Scotland,65
Non-European Union,Kenya,Postgraduate (taught),Part-time,2020/21,Scotland,10
Non-European Union,Kenya,Postgraduate (taught),All,2020/21,Scotland,75
Non-European Union,Kenya,All postgraduate,Full-time,2020/21,Scotland,90
Non-European Union,Kenya,All postgraduate,Part-time,2020/21,Scotland,15
Non-European Union,Kenya,All postgraduate,All,2020/21,Scotland,105
Non-European Union,"Gambia, The",Postgraduate (research),Full-time,2020/21,Scotland,0
Non-European Union,"Gambia, The",Postgraduate (research),Part-time,2020/21,Scotland,0
Non-European Union,"Gambia, The",Postgraduate (research),All,2020/21,Scotland,0
Non-European Union,"Gambia, The",Postgraduate (taught),Full-time,2020/21,Scotland,10
Non-European Union,"Gambia, The",Postgraduate (taught),Part-time,2020/21,Scotland,0
Non-European Union,"Gambia, The",Postgraduate (taught),All,2020/21,Scotland,10
Non-European Union,"Gambia, The",All postgraduate,Full-time,2020/21,Scotland,15
Non-European Union,"Gambia, The",All postgraduate,Part-time,2020/21,Scotland,0
Non-European Union,"Gambia, The",All postgraduate,All,2020/21,Scotland,15
Non-European Union,India,Postgraduate (research),Full-time,2020/21,Scotland,230
Non-European Union,India,Postgraduate (research),Part-time,2020/21,Scotland,15
Non-European Union,India,Postgraduate (research),All,2020/21,Scotland,245
Non-European Union,India,Postgraduate (taught),Full-time,2020/21,Scotland,4405
Non-European Union,India,Postgraduate (taught),Part-time,2020/21,Scotland,65
Non-European Union,India,Postgraduate (taught),All,2020/21,Scotland,4470
Non-European Union,India,All postgraduate,Full-time,2020/21,Scotland,4635
Non-European Union,India,All postgraduate,Part-time,2020/21,Scotland,80
Non-European Union,India,All postgraduate,All,2020/21,Scotland,4715
Non-European Union,Pakistan,Postgraduate (research),Full-time,2020/21,Scotland,120
Non-European Union,Pakistan,Postgraduate (research),Part-time,2020/21,Scotland,5
Non-European Union,Pakistan,Postgraduate (research),All,2020/21,Scotland,130
Non-European Union,Pakistan,Postgraduate (taught),Full-time,2020/21,Scotland,915
Non-European Union,Pakistan,Postgraduate (taught),Part-time,2020/21,Scotland,40
Non-European Union,Pakistan,Postgraduate (taught),All,2020/21,Scotland,955
Non-European Union,Pakistan,All postgraduate,Full-time,2020/21,Scotland,1040
Non-European Union,Pakistan,All postgraduate,Part-time,2020/21,Scotland,45
Non-European Union,Pakistan,All postgraduate,All,2020/21,Scotland,1085
Non-European Union,Taiwan,Postgraduate (research),Full-time,2020/21,Scotland,25
Non-European Union,Taiwan,Postgraduate (research),Part-time,2020/21,Scotland,0
Non-European Union,Taiwan,Postgraduate (research),All,2020/21,Scotland,25
Non-European Union,Taiwan,Postgraduate (taught),Full-time,2020/21,Scotland,210
Non-European Union,Taiwan,Postgraduate (taught),Part-time,2020/21,Scotland,10
Non-European Union,Taiwan,Postgraduate (taught),All,2020/21,Scotland,220
Non-European Union,Taiwan,All postgraduate,Full-time,2020/21,Scotland,235
Non-European Union,Taiwan,All postgraduate,Part-time,2020/21,Scotland,10
Non-European Union,Taiwan,All postgraduate,All,2020/21,Scotland,245
Non-European Union,Japan,Postgraduate (research),Full-time,2020/21,Scotland,15
Non-European Union,Japan,Postgraduate (research),Part-time,2020/21,Scotland,0
Non-European Union,Japan,Postgraduate (research),All,2020/21,Scotland,15
Non-European Union,Japan,Postgraduate (taught),Full-time,2020/21,Scotland,70
Non-European Union,Japan,Postgraduate (taught),Part-time,2020/21,Scotland,15
Non-European Union,Japan,Postgraduate (taught),All,2020/21,Scotland,85
Non-European Union,Japan,All postgraduate,Full-time,2020/21,Scotland,85
Non-European Union,Japan,All postgraduate,Part-time,2020/21,Scotland,15
Non-European Union,Japan,All postgraduate,All,2020/21,Scotland,100
Non-European Union,Thailand,Postgraduate (research),Full-time,2020/21,Scotland,105
Non-European Union,Thailand,Postgraduate (research),Part-time,2020/21,Scotland,0
Non-European Union,Thailand,Postgraduate (research),All,2020/21,Scotland,110
Non-European Union,Thailand,Postgraduate (taught),Full-time,2020/21,Scotland,190
Non-European Union,Thailand,Postgraduate (taught),Part-time,2020/21,Scotland,10
Non-European Union,Thailand,Postgraduate (taught),All,2020/21,Scotland,200
Non-European Union,Thailand,All postgraduate,Full-time,2020/21,Scotland,295
Non-European Union,Thailand,All postgraduate,Part-time,2020/21,Scotland,10
Non-European Union,Thailand,All postgraduate,All,2020/21,Scotland,310
Non-European Union,Saudi Arabia,Postgraduate (research),Full-time,2020/21,Scotland,280
Non-European Union,Saudi Arabia,Postgraduate (research),Part-time,2020/21,Scotland,10
Non-European Union,Saudi Arabia,Postgraduate (research),All,2020/21,Scotland,290
Non-European Union,Saudi Arabia,Postgraduate (taught),Full-time,2020/21,Scotland,265
Non-European Union,Saudi Arabia,Postgraduate (taught),Part-time,2020/21,Scotland,35
Non-European Union,Saudi Arabia,Postgraduate (taught),All,2020/21,Scotland,300
Non-European Union,Saudi Arabia,All postgraduate,Full-time,2020/21,Scotland,545
Non-European Union,Saudi Arabia,All postgraduate,Part-time,2020/21,Scotland,45
Non-European Union,Saudi Arabia,All postgraduate,All,2020/21,Scotland,585
Non-European Union,Oman,Postgraduate (research),Full-time,2020/21,Scotland,30
Non-European Union,Oman,Postgraduate (research),Part-time,2020/21,Scotland,10
Non-European Union,Oman,Postgraduate (research),All,2020/21,Scotland,35
Non-European Union,Oman,Postgraduate (taught),Full-time,2020/21,Scotland,55
Non-European Union,Oman,Postgraduate (taught),Part-time,2020/21,Scotland,5
Non-European Union,Oman,Postgraduate (taught),All,2020/21,Scotland,65
Non-European Union,Oman,All postgraduate,Full-time,2020/21,Scotland,85
Non-European Union,Oman,All postgraduate,Part-time,2020/21,Scotland,15
Non-European Union,Oman,All postgraduate,All,2020/21,Scotland,100
Non-European Union,Kuwait,Postgraduate (research),Full-time,2020/21,Scotland,40
Non-European Union,Kuwait,Postgraduate (research),Part-time,2020/21,Scotland,5
Non-European Union,Kuwait,Postgraduate (research),All,2020/21,Scotland,45
Non-European Union,Kuwait,Postgraduate (taught),Full-time,2020/21,Scotland,50
Non-European Union,Kuwait,Postgraduate (taught),Part-time,2020/21,Scotland,5
Non-European Union,Kuwait,Postgraduate (taught),All,2020/21,Scotland,60
Non-European Union,Kuwait,All postgraduate,Full-time,2020/21,Scotland,90
Non-European Union,Kuwait,All postgraduate,Part-time,2020/21,Scotland,10
Non-European Union,Kuwait,All postgraduate,All,2020/21,Scotland,100
Non-European Union,Turkey,Postgraduate (research),Full-time,2020/21,Scotland,120
Non-European Union,Turkey,Postgraduate (research),Part-time,2020/21,Scotland,0
Non-European Union,Turkey,Postgraduate (research),All,2020/21,Scotland,120
Non-European Union,Turkey,Postgraduate (taught),Full-time,2020/21,Scotland,80
Non-European Union,Turkey,Postgraduate (taught),Part-time,2020/21,Scotland,5
Non-European Union,Turkey,Postgraduate (taught),All,2020/21,Scotland,85
Non-European Union,Turkey,All postgraduate,Full-time,2020/21,Scotland,200
Non-European Union,Turkey,All postgraduate,Part-time,2020/21,Scotland,10
Non-European Union,Turkey,All postgraduate,All,2020/21,Scotland,210
Non-European Union,Congo,Postgraduate (research),Full-time,2021/22,Scotland,0
Non-European Union,Congo,Postgraduate (research),Part-time,2021/22,Scotland,0
Non-European Union,Congo,Postgraduate (research),All,2021/22,Scotland,0
Non-European Union,Congo,Postgraduate (taught),Full-time,2021/22,Scotland,0
Non-European Union,Congo,Postgraduate (taught),All,2021/22,Scotland,0
Non-European Union,Congo,All postgraduate,Full-time,2021/22,Scotland,0
Non-European Union,Congo,All postgraduate,Part-time,2021/22,Scotland,0
Non-European Union,Congo,All postgraduate,All,2021/22,Scotland,0
Non-European Union,Nigeria,Postgraduate (research),Full-time,2021/22,Scotland,335
Non-European Union,Nigeria,Postgraduate (research),Part-time,2021/22,Scotland,5
Non-European Union,Nigeria,Postgraduate (research),All,2021/22,Scotland,340
Non-European Union,Nigeria,Postgraduate (taught),Full-time,2021/22,Scotland,4645
Non-European Union,Nigeria,Postgraduate (taught),Part-time,2021/22,Scotland,220
Non-European Union,Nigeria,Postgraduate (taught),All,2021/22,Scotland,4865
Non-European Union,Nigeria,All postgraduate,Full-time,2021/22,Scotland,4980
Non-European Union,Nigeria,All postgraduate,Part-time,2021/22,Scotland,225
Non-European Union,Nigeria,All postgraduate,All,2021/22,Scotland,5205
Non-European Union,China,Postgraduate (research),Full-time,2021/22,Scotland,1280
Non-European Union,China,Postgraduate (research),Part-time,2021/22,Scotland,10
Non-European Union,China,Postgraduate (research),All,2021/22,Scotland,1290
Non-European Union,China,Postgraduate (taught),Full-time,2021/22,Scotland,13780
Non-European Union,China,Postgraduate (taught),Part-time,2021/22,Scotland,105
Non-European Union,China,Postgraduate (taught),All,2021/22,Scotland,13885
Non-European Union,China,All postgraduate,Full-time,2021/22,Scotland,15060
Non-European Union,China,All postgraduate,Part-time,2021/22,Scotland,115
Non-European Union,China,All postgraduate,All,2021/22,Scotland,15175
Non-European Union,Kenya,Postgraduate (research),Full-time,2021/22,Scotland,30
Non-European Union,Kenya,Postgraduate (research),Part-time,2021/22,Scotland,5
Non-European Union,Kenya,Postgraduate (research),All,2021/22,Scotland,35
Non-European Union,Kenya,Postgraduate (taught),Full-time,2021/22,Scotland,50
Non-European Union,Kenya,Postgraduate (taught),Part-time,2021/22,Scotland,40
Non-European Union,Kenya,Postgraduate (taught),All,2021/22,Scotland,90
Non-European Union,Kenya,All postgraduate,Full-time,2021/22,Scotland,80
Non-European Union,Kenya,All postgraduate,Part-time,2021/22,Scotland,45
Non-European Union,Kenya,All postgraduate,All,2021/22,Scotland,125
Non-European Union,"Gambia, The",Postgraduate (research),Full-time,2021/22,Scotland,0
Non-European Union,"Gambia, The",Postgraduate (research),Part-time,2021/22,Scotland,0
Non-European Union,"Gambia, The",Postgraduate (research),All,2021/22,Scotland,0
Non-European Union,"Gambia, The",Postgraduate (taught),Full-time,2021/22,Scotland,5
Non-European Union,"Gambia, The",Postgraduate (taught),Part-time,2021/22,Scotland,0
Non-European Union,"Gambia, The",Postgraduate (taught),All,2021/22,Scotland,5
Non-European Union,"Gambia, The",All postgraduate,Full-time,2021/22,Scotland,5
Non-European Union,"Gambia, The",All postgraduate,Part-time,2021/22,Scotland,0
Non-European Union,"Gambia, The",All postgraduate,All,2021/22,Scotland,10
Non-European Union,India,Postgraduate (research),Full-time,2021/22,Scotland,295
Non-European Union,India,Postgraduate (research),Part-time,2021/22,Scotland,20
Non-European Union,India,Postgraduate (research),All,2021/22,Scotland,315
Non-European Union,India,Postgraduate (taught),Full-time,2021/22,Scotland,8435
Non-European Union,India,Postgraduate (taught),Part-time,2021/22,Scotland,155
Non-European Union,India,Postgraduate (taught),All,2021/22,Scotland,8590
Non-European Union,India,All postgraduate,Full-time,2021/22,Scotland,8730
Non-European Union,India,All postgraduate,Part-time,2021/22,Scotland,175
Non-European Union,India,All postgraduate,All,2021/22,Scotland,8905
Non-European Union,Pakistan,Postgraduate (research),Full-time,2021/22,Scotland,125
Non-European Union,Pakistan,Postgraduate (research),Part-time,2021/22,Scotland,0
Non-European Union,Pakistan,Postgraduate (research),All,2021/22,Scotland,125
Non-European Union,Pakistan,Postgraduate (taught),Full-time,2021/22,Scotland,2835
Non-European Union,Pakistan,Postgraduate (taught),Part-time,2021/22,Scotland,85
Non-European Union,Pakistan,Postgraduate (taught),All,2021/22,Scotland,2920
Non-European Union,Pakistan,All postgraduate,Full-time,2021/22,Scotland,2960
Non-European Union,Pakistan,All postgraduate,Part-time,2021/22,Scotland,85
Non-European Union,Pakistan,All postgraduate,All,2021/22,Scotland,3045
Non-European Union,Taiwan,Postgraduate (research),Full-time,2021/22,Scotland,30
Non-European Union,Taiwan,Postgraduate (research),Part-time,2021/22,Scotland,0
Non-European Union,Taiwan,Postgraduate (research),All,2021/22,Scotland,35
Non-European Union,Taiwan,Postgraduate (taught),Full-time,2021/22,Scotland,260
Non-European Union,Taiwan,Postgraduate (taught),Part-time,2021/22,Scotland,15
Non-European Union,Taiwan,Postgraduate (taught),All,2021/22,Scotland,275
Non-European Union,Taiwan,All postgraduate,Full-time,2021/22,Scotland,290
Non-European Union,Taiwan,All postgraduate,Part-time,2021/22,Scotland,15
Non-European Union,Taiwan,All postgraduate,All,2021/22,Scotland,310
Non-European Union,Thailand,Postgraduate (research),Full-time,2021/22,Scotland,85
Non-European Union,Thailand,Postgraduate (research),Part-time,2021/22,Scotland,0
Non-European Union,Thailand,Postgraduate (research),All,2021/22,Scotland,90
Non-European Union,Thailand,Postgraduate (taught),Full-time,2021/22,Scotland,330
Non-European Union,Thailand,Postgraduate (taught),Part-time,2021/22,Scotland,25
Non-European Union,Thailand,Postgraduate (taught),All,2021/22,Scotland,355
Non-European Union,Thailand,All postgraduate,Full-time,2021/22,Scotland,415
Non-European Union,Thailand,All postgraduate,Part-time,2021/22,Scotland,25
Non-European Union,Thailand,All postgraduate,All,2021/22,Scotland,440
Non-European Union,Japan,Postgraduate (research),Full-time,2021/22,Scotland,20
Non-European Union,Japan,Postgraduate (research),Part-time,2021/22,Scotland,5
Non-European Union,Japan,Postgraduate (research),All,2021/22,Scotland,30
Non-European Union,Japan,Postgraduate (taught),Full-time,2021/22,Scotland,80
Non-European Union,Japan,Postgraduate (taught),Part-time,2021/22,Scotland,35
Non-European Union,Japan,Postgraduate (taught),All,2021/22,Scotland,115
Non-European Union,Japan,All postgraduate,Full-time,2021/22,Scotland,105
Non-European Union,Japan,All postgraduate,Part-time,2021/22,Scotland,40
Non-European Union,Japan,All postgraduate,All,2021/22,Scotland,140
Non-European Union,Saudi Arabia,Postgraduate (research),Full-time,2021/22,Scotland,245
Non-European Union,Saudi Arabia,Postgraduate (research),Part-time,2021/22,Scotland,10
Non-European Union,Saudi Arabia,Postgraduate (research),All,2021/22,Scotland,255
Non-European Union,Saudi Arabia,Postgraduate (taught),Full-time,2021/22,Scotland,240
Non-European Union,Saudi Arabia,Postgraduate (taught),Part-time,2021/22,Scotland,45
Non-European Union,Saudi Arabia,Postgraduate (taught),All,2021/22,Scotland,285
Non-European Union,Saudi Arabia,All postgraduate,Full-time,2021/22,Scotland,485
Non-European Union,Saudi Arabia,All postgraduate,Part-time,2021/22,Scotland,55
Non-European Union,Saudi Arabia,All postgraduate,All,2021/22,Scotland,540
Non-European Union,Oman,Postgraduate (research),Full-time,2021/22,Scotland,25
Non-European Union,Oman,Postgraduate (research),Part-time,2021/22,Scotland,10
Non-European Union,Oman,Postgraduate (research),All,2021/22,Scotland,35
Non-European Union,Oman,Postgraduate (taught),Full-time,2021/22,Scotland,50
Non-European Union,Oman,Postgraduate (taught),Part-time,2021/22,Scotland,10
Non-European Union,Oman,Postgraduate (taught),All,2021/22,Scotland,60
Non-European Union,Oman,All postgraduate,Full-time,2021/22,Scotland,75
Non-European Union,Oman,All postgraduate,Part-time,2021/22,Scotland,20
Non-European Union,Oman,All postgraduate,All,2021/22,Scotland,95
Non-European Union,Kuwait,Postgraduate (research),Full-time,2021/22,Scotland,50
Non-European Union,Kuwait,Postgraduate (research),Part-time,2021/22,Scotland,5
Non-European Union,Kuwait,Postgraduate (research),All,2021/22,Scotland,55
Non-European Union,Kuwait,Postgraduate (taught),Full-time,2021/22,Scotland,95
Non-European Union,Kuwait,Postgraduate (taught),Part-time,2021/22,Scotland,10
Non-European Union,Kuwait,Postgraduate (taught),All,2021/22,Scotland,105
Non-European Union,Kuwait,All postgraduate,Full-time,2021/22,Scotland,145
Non-European Union,Kuwait,All postgraduate,Part-time,2021/22,Scotland,10
Non-European Union,Kuwait,All postgraduate,All,2021/22,Scotland,160
Non-European Union,Turkey,Postgraduate (research),Full-time,2021/22,Scotland,130
Non-European Union,Turkey,Postgraduate (research),Part-time,2021/22,Scotland,5
Non-European Union,Turkey,Postgraduate (research),All,2021/22,Scotland,135
Non-European Union,Turkey,Postgraduate (taught),Full-time,2021/22,Scotland,125
Non-European Union,Turkey,Postgraduate (taught),Part-time,2021/22,Scotland,15
Non-European Union,Turkey,Postgraduate (taught),All,2021/22,Scotland,140
Non-European Union,Turkey,All postgraduate,Full-time,2021/22,Scotland,255
Non-European Union,Turkey,All postgraduate,Part-time,2021/22,Scotland,15
Non-European Union,Turkey,All postgraduate,All,2021/22,Scotland,275
